date;observed;without_annual;without_monthly;baseline;annual;monthly;weekly
2019-01-01;427.78;422.93;447.95;431.7;4.84;-25.01;16.25
2019-01-02;426.73;420.29;433.83;434.69;6.44;-13.54;-0.86
2019-01-03;419.4;411.37;412.86;430.18;8.03;-1.49;-17.32
2019-01-04;426.97;417.35;406.74;427.47;9.62;10.62;-20.74
2019-01-05;456.28;445.08;422.8;431.34;11.2;22.28;-8.54
2019-01-06;487.26;474.48;441.49;431.4;12.78;32.99;10.09
2019-01-07;503.82;489.46;447.16;426.04;14.36;42.31;21.12
2019-01-08;508.35;492.41;442.59;426.34;15.93;49.82;16.25
2019-01-09;502.92;485.41;430.19;431.05;17.5;55.22;-0.86
2019-01-10;489.54;470.47;412.19;429.51;19.07;58.28;-17.32
2019-01-11;484.67;464.05;405.18;425.92;20.63;58.86;-20.74
2019-01-12;500.22;478.04;421.09;429.63;22.18;56.95;-8.54
2019-01-13;520.04;496.32;443.71;433.62;23.72;52.61;10.09
2019-01-14;522.65;497.39;451.34;430.23;25.26;46.05;21.12
2019-01-15;508.88;482.09;444.56;428.32;26.79;37.52;16.25
2019-01-16;487.75;459.43;432.03;432.88;28.32;27.41;-0.86
2019-01-17;462.19;432.35;416.22;433.54;29.83;16.13;-17.32
2019-01-18;442.94;411.6;407.43;428.17;31.34;4.17;-20.74
2019-01-19;444.16;411.33;419.3;427.84;32.83;-7.98;-8.54
2019-01-20;456.44;422.12;441.9;431.81;34.32;-19.78;10.09
2019-01-21;455.64;419.84;450.58;429.47;35.8;-30.74;21.12
2019-01-22;437.89;400.63;441.03;424.78;37.26;-40.4;16.25
2019-01-23;417.02;378.3;426.64;427.5;38.72;-48.34;-0.86
2019-01-24;399.72;359.55;413.78;431.1;40.16;-54.23;-17.32
2019-01-25;390.74;349.15;406.97;427.7;41.59;-57.82;-20.74
2019-01-26;401.47;358.45;417.4;425.94;43.01;-58.95;-8.54
2019-01-27;428.06;383.64;441.22;431.13;44.42;-57.58;10.09
2019-01-28;446.08;400.26;454.03;432.92;45.81;-53.77;21.12
2019-01-29;444.34;397.15;444.82;428.57;47.2;-47.67;16.25
2019-01-30;437.12;388.56;428.11;428.97;48.56;-39.55;-0.86
2019-01-31;436.45;386.54;416.29;433.61;49.91;-29.75;-17.32
2019-02-01;443.52;392.27;410.96;431.69;51.25;-18.69;-20.74
2019-02-02;463.93;411.36;418.19;426.73;52.57;-6.83;-8.54
2019-02-03;497.99;444.11;438.79;428.71;53.88;5.32;10.09
2019-02-04;525.08;469.91;452.68;431.56;55.17;17.24;21.12
2019-02-05;528.38;471.94;443.52;427.27;56.44;28.42;16.25
2019-02-06;519.63;461.93;423.53;424.39;57.7;38.41;-0.86
2019-02-07;517.15;458.21;411.45;428.77;58.94;46.76;-17.32
2019-02-08;522.91;462.75;409.62;430.36;60.16;53.12;-20.74
2019-02-09;536.16;474.79;417.56;426.1;61.37;57.24;-8.54
2019-02-10;558.33;495.77;436.85;426.77;62.55;58.92;10.09
2019-02-11;575.18;511.46;453.36;432.24;63.72;58.1;21.12
2019-02-12;567.43;502.56;447.75;431.5;64.87;54.81;16.25
2019-02-13;541.8;475.79;426.6;427.46;66.0;49.2;-0.86
2019-02-14;521.38;454.27;412.77;430.09;67.11;41.49;-17.32
2019-02-15;513.07;444.86;412.83;433.57;68.2;32.03;-20.74
2019-02-16;511.42;442.15;420.94;429.48;69.28;21.21;-8.54
2019-02-17;515.98;445.66;436.17;426.09;70.33;9.48;10.09
2019-02-18;519.5;448.14;450.79;429.67;71.35;-2.64;21.12
2019-02-19;504.45;432.08;446.74;430.49;72.36;-14.66;16.25
2019-02-20;471.69;398.34;424.39;425.25;73.35;-26.05;-0.86
2019-02-21;445.5;371.18;407.52;424.84;74.32;-36.34;-17.32
2019-02-22;439.17;363.91;408.99;429.73;75.26;-45.08;-20.74
2019-02-23;444.69;368.51;420.42;428.96;76.18;-51.91;-8.54
2019-02-24;455.69;378.61;435.15;425.06;77.08;-56.54;10.09
2019-02-25;468.46;390.5;449.26;428.15;77.95;-58.76;21.12
2019-02-26;469.2;390.39;448.88;432.64;78.81;-58.49;16.25
2019-02-27;452.74;373.1;428.84;429.7;79.63;-55.74;-0.86
2019-02-28;439.6;359.16;409.78;427.1;80.44;-50.62;-17.32
2019-03-01;448.44;367.21;410.57;431.3;81.22;-43.35;-20.74
2019-03-02;471.84;389.86;424.11;432.65;81.98;-34.24;-8.54
2019-03-03;496.46;413.75;437.43;427.35;82.71;-23.68;10.09
2019-03-04;518.67;435.24;447.36;426.24;83.42;-12.11;21.12
2019-03-05;530.64;446.54;446.57;430.32;84.11;-0.03;16.25
2019-03-06;524.7;439.93;427.88;428.74;84.77;12.05;-0.86
2019-03-07;515.5;430.09;406.47;423.79;85.4;23.62;-17.32
2019-03-08;525.37;439.36;405.17;425.91;86.01;34.19;-20.74
2019-03-09;551.41;464.82;421.51;430.05;86.59;43.31;-8.54
2019-03-10;575.03;487.88;437.29;427.2;87.15;50.59;10.09
2019-03-11;589.35;501.67;445.95;424.83;87.68;55.72;21.12
2019-03-12;592.6;504.41;445.93;429.68;88.19;58.48;16.25
2019-03-13;578.75;490.08;431.31;432.17;88.67;58.77;-0.86
2019-03-14;556.29;467.16;410.61;427.93;89.12;56.55;-17.32
2019-03-15;548.26;458.71;406.77;427.51;89.55;51.94;-20.74
2019-03-16;558.71;468.75;423.63;432.17;89.95;45.12;-8.54
2019-03-17;567.76;477.43;441.04;430.95;90.33;36.39;10.09
2019-03-18;563.59;472.91;446.8;425.69;90.68;26.11;21.12
2019-03-19;548.95;457.96;443.24;426.99;91.0;14.72;16.25
2019-03-20;523.47;432.18;429.47;430.33;91.29;2.71;-0.86
2019-03-21;491.43;399.87;409.29;426.61;91.56;-9.42;-17.32
2019-03-22;473.07;381.27;402.42;423.15;91.8;-21.15;-20.74
2019-03-23;478.71;386.71;418.68;427.22;92.01;-31.98;-8.54
2019-03-24;490.41;398.21;439.66;429.58;92.19;-41.45;10.09
2019-03-25;489.82;397.46;446.63;425.51;92.35;-49.16;21.12
2019-03-26;479.38;386.89;441.68;425.43;92.48;-54.79;16.25
2019-03-27;464.59;372.0;430.09;430.95;92.59;-58.09;-0.86
2019-03-28;447.35;354.69;413.61;430.92;92.66;-58.92;-17.32
2019-03-29;441.31;348.59;405.85;426.58;92.71;-57.25;-20.74
2019-03-30;459.53;366.8;419.95;428.49;92.73;-53.15;-8.54
2019-03-31;488.37;395.64;442.44;432.36;92.73;-46.8;10.09
2019-04-01;504.14;411.45;449.91;428.79;92.69;-38.46;21.12
2019-04-02;505.18;412.54;441.02;424.78;92.63;-28.48;16.25
2019-04-03;502.36;409.82;427.12;427.98;92.54;-17.3;-0.86
2019-04-04;499.26;406.83;412.21;429.53;92.43;-5.38;-17.32
2019-04-05;502.83;410.54;403.78;424.51;92.28;6.77;-20.74
2019-04-06;525.59;433.48;414.85;423.39;92.11;18.63;-8.54
2019-04-07;560.05;468.13;438.44;428.35;91.92;29.7;10.09
2019-04-08;580.69;488.99;449.49;428.37;91.69;39.5;21.12
2019-04-09;579.6;488.16;440.52;424.28;91.44;47.63;16.25
2019-04-10;570.72;479.56;425.82;426.68;91.16;53.74;-0.86
2019-04-11;562.67;471.82;414.25;431.57;90.85;57.57;-17.32
2019-04-12;557.91;467.39;408.44;429.17;90.52;58.95;-20.74
2019-04-13;565.4;475.23;417.4;425.94;90.16;57.83;-8.54
2019-04-14;583.8;494.03;439.77;429.68;89.77;54.26;10.09
2019-04-15;590.53;501.17;452.79;431.67;89.36;48.38;21.12
2019-04-16;572.18;483.26;442.81;426.57;88.92;40.44;16.25
2019-04-17;543.09;454.63;423.84;424.7;88.46;30.79;-0.86
2019-04-18;519.26;431.29;411.46;428.77;87.96;19.84;-17.32
2019-04-19;502.73;415.28;407.24;427.98;87.45;8.04;-20.74
2019-04-20;497.14;410.23;414.34;422.88;86.9;-4.1;-8.54
2019-04-21;504.69;418.36;434.43;424.34;86.33;-16.07;10.09
2019-04-22;508.43;422.69;450.04;428.92;85.74;-27.35;21.12
2019-04-23;490.6;405.48;442.95;426.71;85.12;-37.48;16.25
2019-04-24;461.4;376.93;422.94;423.8;84.47;-46.01;-0.86
2019-04-25;442.11;358.3;410.89;428.21;83.8;-52.59;-17.32
2019-04-26;436.78;353.68;410.61;431.35;83.11;-56.93;-20.74
2019-04-27;442.3;359.91;418.77;427.31;82.39;-58.86;-8.54
2019-04-28;459.53;377.89;436.18;426.09;81.64;-58.29;10.09
2019-04-29;477.41;396.54;451.78;430.67;80.87;-55.25;21.12
2019-04-30;476.64;396.56;446.42;430.17;80.08;-49.86;16.25
2019-05-01;460.77;381.5;423.85;424.71;79.26;-42.35;-0.86
2019-05-02;453.36;374.94;407.98;425.3;78.42;-33.04;-17.32
2019-05-03;463.51;385.95;408.28;429.02;77.56;-22.34;-20.74
2019-05-04;483.4;406.73;417.41;425.95;76.67;-10.68;-8.54
2019-05-05;509.29;433.52;432.09;422.01;75.77;1.43;10.09
2019-05-06;535.09;460.26;446.78;425.66;74.83;13.48;21.12
2019-05-07;543.81;469.92;444.97;428.72;73.88;24.95;16.25
2019-05-08;532.39;459.48;424.11;424.97;72.91;35.37;-0.86
2019-05-09;523.04;451.13;406.84;424.16;71.91;44.29;-17.32
2019-05-10;531.07;460.17;408.85;429.59;70.89;51.32;-20.74
2019-05-11;547.79;477.93;421.75;430.29;69.85;56.18;-8.54
2019-05-12;563.3;494.51;435.86;425.77;68.79;58.65;10.09
2019-05-13;574.36;506.65;448.02;426.9;67.71;58.63;21.12
2019-05-14;570.04;503.43;447.31;431.06;66.61;56.12;16.25
2019-05-15;543.96;478.46;427.23;428.09;65.49;51.23;-0.86
2019-05-16;514.75;450.4;406.23;423.55;64.36;44.17;-17.32
2019-05-17;503.95;440.75;405.53;426.26;63.2;35.23;-20.74
2019-05-18;506.76;444.74;419.95;428.49;62.02;24.79;-8.54
2019-05-19;508.04;447.21;433.91;423.82;60.83;13.3;10.09
2019-05-20;504.0;444.39;443.14;422.02;59.61;1.25;21.12
2019-05-21;490.69;432.31;443.17;426.92;58.38;-10.86;16.25
2019-05-22;461.52;404.39;426.89;427.75;57.13;-22.5;-0.86
2019-05-23;428.93;373.06;406.25;423.57;55.87;-33.19;-17.32
2019-05-24;416.61;362.03;404.5;425.24;54.59;-42.47;-20.74
2019-05-25;425.22;371.93;421.88;430.42;53.29;-49.95;-8.54
2019-05-26;435.38;383.41;438.72;428.63;51.98;-55.31;10.09
2019-05-27;438.31;387.66;445.98;424.86;50.65;-58.32;21.12
2019-05-28;434.74;385.44;444.29;428.04;49.3;-58.85;16.25
2019-05-29;420.82;372.88;429.76;430.62;47.95;-56.89;-0.86
2019-05-30;402.57;356.0;408.5;425.82;46.57;-52.5;-17.32
2019-05-31;401.77;356.59;402.48;423.22;45.19;-45.89;-20.74
2019-06-01;425.09;381.3;418.64;427.17;43.79;-37.34;-8.54
2019-06-02;452.44;410.07;437.26;427.18;42.37;-27.19;10.09
2019-06-03;468.21;427.26;443.16;422.04;40.95;-15.9;21.12
2019-06-04;474.65;435.14;439.06;422.82;39.51;-3.92;16.25
2019-06-05;473.15;435.09;426.87;427.73;38.06;8.22;-0.86
2019-06-06;465.5;428.9;408.89;426.21;36.6;20.01;-17.32
2019-06-07;468.19;433.06;402.11;422.85;35.13;30.95;-20.74
2019-06-08;492.4;458.75;418.18;426.72;33.65;40.57;-8.54
2019-06-09;521.17;489.01;440.53;430.44;32.16;48.48;10.09
2019-06-10;532.83;502.17;447.84;426.73;30.66;54.33;21.12
2019-06-11;528.0;498.85;440.99;424.74;29.15;57.87;16.25
2019-06-12;514.82;487.19;428.24;429.1;27.63;58.95;-0.86
2019-06-13;495.64;469.54;412.01;429.33;26.1;57.53;-17.32
2019-06-14;481.3;456.73;403.07;423.8;24.57;53.67;-20.74
2019-06-15;485.66;462.63;415.1;423.64;23.03;47.53;-8.54
2019-06-16;498.57;477.09;437.72;427.64;21.48;39.37;10.09
2019-06-17;495.86;475.94;446.4;425.28;19.92;29.54;21.12
2019-06-18;474.01;455.65;437.2;420.95;18.36;18.46;16.25
2019-06-19;446.63;429.83;423.24;424.1;16.8;6.59;-0.86
2019-06-20;420.15;404.93;410.49;427.8;15.22;-5.56;-17.32
2019-06-21;399.9;386.26;403.73;424.46;13.65;-17.47;-20.74
2019-06-22;397.84;385.78;414.41;422.95;12.07;-28.64;-8.54
2019-06-23;410.15;399.67;438.26;428.17;10.48;-38.59;10.09
2019-06-24;412.71;403.81;450.72;429.6;8.9;-46.91;21.12
2019-06-25;395.34;388.03;441.26;425.01;7.31;-53.23;16.25
2019-06-26;372.91;367.19;424.48;425.34;5.72;-57.29;-0.86
2019-06-27;357.56;353.44;412.36;429.68;4.12;-58.93;-17.32
2019-06-28;351.11;348.58;406.63;427.37;2.53;-58.05;-20.74
2019-06-29;360.07;359.14;413.86;422.4;0.94;-54.72;-8.54
2019-06-30;384.91;385.57;434.63;424.55;-0.66;-49.06;10.09
2019-07-01;404.92;407.18;448.5;427.38;-2.25;-41.32;21.12
2019-07-02;403.74;407.59;439.42;423.17;-3.85;-31.83;16.25
2019-07-03;393.45;398.89;419.87;420.73;-5.44;-20.98;-0.86
2019-07-04;391.87;398.9;408.14;425.46;-7.03;-9.24;-17.32
2019-07-05;400.6;409.23;406.34;427.08;-8.62;2.89;-20.74
2019-07-06;419.07;429.28;414.39;422.93;-10.21;14.89;-8.54
2019-07-07;448.39;460.19;433.92;423.83;-11.79;26.27;10.09
2019-07-08;473.46;486.83;450.31;429.19;-13.37;36.53;21.12
2019-07-09;474.59;489.54;444.31;428.06;-14.95;45.24;16.25
2019-07-10;458.5;475.02;422.99;423.85;-16.52;52.02;-0.86
2019-07-11;447.58;465.67;409.07;426.39;-18.09;56.6;-17.32
2019-07-12;447.88;467.53;408.75;429.48;-19.65;58.78;-20.74
2019-07-13;453.81;475.02;416.56;425.1;-21.21;58.46;-8.54
2019-07-14;464.8;487.56;431.9;421.81;-22.76;55.66;10.09
2019-07-15;472.85;497.15;446.65;425.53;-24.3;50.5;21.12
2019-07-16;459.92;485.75;442.57;426.32;-25.84;43.19;16.25
2019-07-17;427.1;454.46;420.42;421.28;-27.37;34.05;-0.86
2019-07-18;398.6;427.49;404.03;421.34;-28.89;23.46;-17.32
2019-07-19;387.21;417.61;405.73;426.47;-30.4;11.88;-20.74
2019-07-20;385.04;416.94;417.15;425.69;-31.9;-0.21;-8.54
2019-07-21;386.38;419.77;432.06;421.97;-33.39;-12.29;10.09
2019-07-22;387.61;422.49;446.34;425.22;-34.88;-23.85;21.12
2019-07-23;374.96;411.31;445.7;429.45;-36.35;-34.39;16.25
2019-07-24;344.01;381.82;425.3;426.16;-37.81;-43.47;-0.86
2019-07-25;316.16;355.43;406.14;423.46;-39.26;-50.71;-17.32
2019-07-26;310.25;350.96;406.75;427.49;-40.7;-55.8;-20.74
2019-07-27;319.24;361.37;419.88;428.42;-42.13;-58.51;-8.54
2019-07-28;330.75;374.29;433.04;422.95;-43.54;-58.75;10.09
2019-07-29;341.72;386.66;443.15;422.03;-44.95;-56.48;21.12
2019-07-30;344.28;390.61;442.44;426.19;-46.33;-51.82;16.25
2019-07-31;331.07;378.78;423.74;424.6;-47.71;-44.96;-0.86
2019-08-01;317.4;366.47;402.66;419.98;-49.07;-36.2;-17.32
2019-08-02;325.51;375.93;401.82;422.55;-50.42;-25.89;-20.74
2019-08-03;352.03;403.78;418.27;426.81;-51.75;-14.48;-8.54
2019-08-04;378.53;431.6;434.06;423.98;-53.06;-2.46;10.09
2019-08-05;398.23;452.6;442.94;421.82;-54.36;9.66;21.12
2019-08-06;408.69;464.33;442.96;426.71;-55.65;21.37;16.25
2019-08-07;403.25;460.16;427.98;428.84;-56.92;32.18;-0.86
2019-08-08;390.45;448.61;406.99;424.31;-58.17;41.62;-17.32
2019-08-09;392.98;452.38;403.08;423.82;-59.4;49.3;-20.74
2019-08-10;413.94;474.56;419.68;428.22;-60.62;54.88;-8.54
2019-08-11;433.01;494.83;436.7;426.62;-61.82;58.13;10.09
2019-08-12;438.36;501.35;442.44;421.32;-63.0;58.91;21.12
2019-08-13;432.12;496.28;439.09;422.84;-64.16;57.19;16.25
2019-08-14;413.09;478.38;425.34;426.2;-65.3;53.05;-0.86
2019-08-15;385.46;451.88;405.23;422.55;-66.42;46.65;-17.32
2019-08-16;369.53;437.06;398.78;419.52;-67.53;38.27;-20.74
2019-08-17;375.08;443.69;415.42;423.96;-68.61;28.27;-8.54
2019-08-18;383.82;453.49;436.43;426.34;-69.67;17.06;10.09
2019-08-19;377.88;448.59;443.46;422.34;-70.71;5.14;21.12
2019-08-20;359.98;431.71;438.72;422.48;-71.74;-7.01;16.25
2019-08-21;335.43;408.17;427.03;427.88;-72.74;-18.86;-0.86
2019-08-22;306.52;380.23;410.14;427.46;-73.71;-29.91;-17.32
2019-08-23;287.82;362.49;402.18;422.91;-74.67;-39.68;-20.74
2019-08-24;292.81;368.42;416.2;424.74;-75.61;-47.78;-8.54
2019-08-25;307.99;384.51;438.35;428.26;-76.52;-53.84;10.09
2019-08-26;310.47;387.88;445.5;424.38;-77.41;-57.62;21.12
2019-08-27;299.5;377.77;436.73;420.48;-78.28;-58.95;16.25
2019-08-28;286.1;365.22;423.01;423.87;-79.12;-57.78;-0.86
2019-08-29;273.99;353.93;408.09;425.41;-79.94;-54.16;-17.32
2019-08-30;270.86;351.6;399.84;420.57;-80.74;-48.24;-20.74
2019-08-31;289.61;371.12;411.39;419.93;-81.51;-40.27;-8.54
2019-09-01;322.39;404.64;435.23;425.14;-82.26;-30.59;10.09
2019-09-02;343.67;426.65;446.26;425.15;-82.98;-19.61;21.12
2019-09-03;345.95;429.63;437.42;421.18;-83.68;-7.8;16.25
2019-09-04;342.86;427.22;422.87;423.73;-84.36;4.34;-0.86
2019-09-05;342.35;427.36;411.06;428.38;-85.01;16.3;-17.32
2019-09-06;346.79;432.42;404.85;425.59;-85.63;27.57;-20.74
2019-09-07;365.13;451.36;413.7;422.24;-86.23;37.66;-8.54
2019-09-08;395.28;482.08;435.92;425.84;-86.81;46.16;10.09
2019-09-09;413.9;501.25;448.56;427.44;-87.35;52.7;21.12
2019-09-10;407.51;495.39;438.39;422.15;-87.88;56.99;16.25
2019-09-11;390.12;478.5;419.62;420.48;-88.37;58.87;-0.86
2019-09-12;376.78;465.62;407.37;424.69;-88.84;58.25;-17.32
2019-09-13;369.03;458.32;403.16;423.89;-89.29;55.16;-20.74
2019-09-14;370.57;460.28;410.55;419.09;-89.71;49.73;-8.54
2019-09-15;383.19;473.29;431.11;421.02;-90.1;42.18;10.09
2019-09-16;389.24;479.7;446.85;425.74;-90.46;32.84;21.12
2019-09-17;371.06;461.86;439.74;423.5;-90.8;22.11;16.25
2019-09-18;339.24;430.35;419.91;420.77;-91.11;10.44;-0.86
2019-09-19;314.84;406.23;407.91;425.22;-91.39;-1.67;-17.32
2019-09-20;301.9;393.55;407.27;428.0;-91.65;-13.71;-20.74
2019-09-21;298.05;389.93;415.1;423.64;-91.88;-25.17;-8.54
2019-09-22;304.79;396.87;432.44;422.35;-92.08;-35.57;10.09
2019-09-23;311.11;403.37;447.82;426.7;-92.26;-44.45;21.12
2019-09-24;298.22;390.63;442.07;425.82;-92.41;-51.44;16.25
2019-09-25;270.69;363.22;419.47;420.33;-92.53;-56.25;-0.86
2019-09-26;252.55;345.17;403.84;421.16;-92.62;-58.67;-17.32
2019-09-27;252.91;345.6;404.21;424.94;-92.69;-58.61;-20.74
2019-09-28;264.62;357.34;413.39;421.93;-92.72;-56.05;-8.54
2019-09-29;284.64;377.37;428.48;418.4;-92.73;-51.11;10.09
2019-09-30;306.84;399.56;443.56;422.45;-92.72;-44.01;21.12
2019-10-01;314.08;406.75;441.78;425.54;-92.67;-35.03;16.25
2019-10-02;303.77;396.37;420.94;421.8;-92.6;-24.57;-0.86
2019-10-03;298.29;390.79;403.86;421.18;-92.5;-13.06;-17.32
2019-10-04;312.39;404.77;405.78;426.51;-92.38;-1.01;-20.74
2019-10-05;337.13;429.36;418.26;426.8;-92.22;11.1;-8.54
2019-10-06;362.81;454.85;432.12;422.04;-92.04;22.73;10.09
2019-10-07;385.77;477.61;444.22;423.1;-91.84;33.39;21.12
2019-10-08;394.24;485.84;443.2;426.95;-91.6;42.64;16.25
2019-10-09;381.56;472.89;422.81;423.67;-91.34;50.08;-0.86
2019-10-10;366.26;457.31;401.92;419.23;-91.05;55.39;-17.32
2019-10-11;369.06;459.8;401.44;422.18;-90.73;58.35;-20.74
2019-10-12;384.33;474.72;415.89;424.42;-90.39;58.84;-8.54
2019-10-13;396.81;486.83;430.01;419.92;-90.02;56.82;10.09
2019-10-14;402.47;492.09;439.7;418.58;-89.62;52.39;21.12
2019-10-15;396.56;485.76;440.01;423.77;-89.2;45.74;16.25
2019-10-16;372.1;460.85;423.7;424.56;-88.75;37.15;-0.86
2019-10-17;341.84;430.11;403.14;420.45;-88.28;26.98;-17.32
2019-10-18;329.42;417.19;401.53;422.27;-87.77;15.66;-20.74
2019-10-19;335.11;422.35;418.67;427.21;-87.25;3.68;-8.54
2019-10-20;339.94;426.63;435.09;425.01;-86.69;-8.46;10.09
2019-10-21;335.86;421.97;442.21;421.09;-86.11;-20.24;21.12
2019-10-22;323.74;409.25;440.41;424.16;-85.51;-31.15;16.25
2019-10-23;299.9;384.77;425.52;426.38;-84.88;-40.75;-0.86
2019-10-24;271.23;355.45;404.07;421.38;-84.22;-48.62;-17.32
2019-10-25;260.3;343.84;398.26;418.99;-83.54;-54.42;-20.74
2019-10-26;273.84;356.68;414.59;423.13;-82.84;-57.91;-8.54
2019-10-27;292.18;374.29;433.23;423.14;-82.11;-58.94;10.09
2019-10-28;300.57;381.93;439.4;418.29;-81.36;-57.48;21.12
2019-10-29;301.63;382.21;435.78;419.53;-80.58;-53.57;16.25
2019-10-30;296.57;376.35;423.73;424.59;-79.78;-47.38;-0.86
2019-10-31;287.56;366.51;405.7;423.02;-78.95;-39.19;-17.32
2019-11-01;291.62;369.72;399.05;419.79;-78.1;-29.33;-20.74
2019-11-02;319.71;396.94;415.17;423.71;-77.23;-18.23;-8.54
2019-11-03;354.48;430.82;437.17;427.08;-76.34;-6.35;10.09
2019-11-04;374.5;449.92;444.12;423.0;-75.42;5.8;21.12
2019-11-05;380.4;454.88;437.18;420.93;-74.48;17.7;16.25
2019-11-06;379.59;453.11;424.26;425.11;-73.52;28.85;-0.86
2019-11-07;373.9;446.43;407.66;424.98;-72.54;38.77;-17.32
2019-11-08;374.19;445.72;398.66;419.4;-71.53;47.05;-20.74
2019-11-09;393.8;464.3;410.97;419.51;-70.51;53.33;-8.54
2019-11-10;421.59;491.05;433.7;423.61;-69.46;57.35;10.09
2019-11-11;432.97;501.36;442.43;421.31;-68.39;58.93;21.12
2019-11-12;424.32;491.62;433.61;417.36;-67.3;58.01;16.25
2019-11-13;408.5;474.7;420.07;420.92;-66.2;54.63;-0.86
2019-11-14;391.2;456.27;407.34;424.66;-65.07;48.93;-17.32
2019-11-15;377.78;441.7;400.55;421.29;-63.92;41.15;-20.74
2019-11-16;380.26;443.02;411.4;419.94;-62.76;31.62;-8.54
2019-11-17;394.34;455.92;435.17;425.08;-61.57;20.75;10.09
2019-11-18;395.83;456.2;447.2;426.08;-60.37;9.0;21.12
2019-11-19;375.18;434.34;437.47;421.22;-59.15;-3.13;16.25
2019-11-20;347.58;405.5;420.63;421.49;-57.92;-15.13;-0.86
2019-11-21;325.1;381.76;408.25;425.57;-56.66;-26.49;-17.32
2019-11-22;310.1;365.49;402.21;422.94;-55.39;-36.72;-20.74
2019-11-23;310.03;364.14;409.53;418.07;-54.1;-45.39;-8.54
2019-11-24;325.64;378.44;430.57;420.49;-52.8;-52.14;10.09
2019-11-25;336.34;387.82;444.49;423.37;-51.48;-56.67;21.12
2019-11-26;326.61;376.76;435.55;419.31;-50.15;-58.8;16.25
2019-11-27;309.23;358.03;416.46;417.31;-48.8;-58.43;-0.86
2019-11-28;302.02;349.45;405.03;422.35;-47.43;-55.58;-17.32
2019-11-29;306.76;352.81;403.18;423.91;-46.05;-50.37;-20.74
2019-11-30;323.57;368.23;411.25;419.79;-44.66;-43.02;-8.54
2019-12-01;353.81;397.07;430.92;420.83;-43.26;-33.85;10.09
2019-12-02;382.01;423.85;447.09;425.97;-41.84;-23.24;21.12
2019-12-03;388.6;429.01;440.65;424.4;-40.41;-11.64;16.25
2019-12-04;380.64;419.61;419.16;420.01;-38.97;0.45;-0.86
2019-12-05;380.16;417.68;405.15;422.47;-37.52;12.53;-17.32
2019-12-06;392.52;428.58;404.51;425.24;-36.05;24.07;-20.74
2019-12-07;412.12;446.7;412.11;420.65;-34.58;34.59;-8.54
2019-12-08;438.21;471.3;427.67;417.58;-33.09;43.64;10.09
2019-12-09;461.89;493.48;442.65;421.53;-31.6;50.84;21.12
2019-12-10;464.38;494.47;438.59;422.35;-30.09;55.88;16.25
2019-12-11;446.66;475.23;416.69;417.55;-28.58;58.54;-0.86
2019-12-12;432.43;459.49;400.77;418.08;-27.06;58.73;-17.32
2019-12-13;433.53;459.06;402.64;423.38;-25.53;56.41;-20.74
2019-12-14;441.7;465.69;413.98;422.52;-23.99;51.71;-8.54
2019-12-15;451.33;473.78;428.97;418.89;-22.45;44.81;10.09
2019-12-16;458.41;479.31;443.3;422.19;-20.89;36.0;21.12
2019-12-17;448.65;467.99;442.32;426.07;-19.34;25.67;16.25
2019-12-18;418.0;435.77;421.52;422.38;-17.77;14.25;-0.86
2019-12-19;388.28;404.49;402.27;419.58;-16.21;2.22;-17.32
2019-12-20;378.21;392.84;402.74;423.48;-14.63;-9.9;-20.74
2019-12-21;380.87;393.93;415.53;424.07;-13.06;-21.6;-8.54
2019-12-22;384.76;396.24;428.62;418.53;-11.47;-32.38;10.09
2019-12-23;387.34;397.23;439.02;417.9;-9.89;-41.79;21.12
2019-12-24;380.74;389.04;438.47;422.22;-8.3;-49.43;16.25
2019-12-25;358.15;364.86;419.83;420.69;-6.71;-54.96;-0.86
2019-12-26;335.81;340.93;399.1;416.42;-5.12;-58.17;-17.32
2019-12-27;336.25;339.77;398.67;419.41;-3.53;-58.9;-20.74
2019-12-28;356.1;358.03;415.17;423.71;-1.93;-57.13;-8.54
2019-12-29;377.61;377.95;430.89;420.8;-0.34;-52.94;10.09
2019-12-30;394.65;393.39;439.89;418.77;1.26;-46.5;21.12
2019-12-31;404.61;401.76;439.85;423.6;2.85;-38.09;16.25
2020-01-01;400.83;396.39;424.44;425.3;4.45;-28.05;-0.86
2020-01-02;392.35;386.31;403.14;420.45;6.04;-16.83;-17.32
2020-01-03;401.91;394.28;399.18;419.91;7.63;-4.89;-20.74
2020-01-04;432.03;422.81;415.56;424.1;9.22;7.25;-8.54
2020-01-05;462.17;451.37;432.28;422.19;10.8;19.09;10.09
2020-01-06;480.6;468.22;438.1;416.98;12.39;30.11;21.12
2020-01-07;488.88;474.91;435.05;418.81;13.97;39.86;16.25
2020-01-08;484.86;469.31;421.39;422.25;15.54;47.92;-0.86
2020-01-09;472.46;455.35;401.41;418.72;17.11;53.94;-17.32
2020-01-10;471.74;453.06;395.39;416.13;18.68;57.67;-20.74
2020-01-11;491.54;471.31;412.35;420.89;20.24;58.95;-8.54
2020-01-12;512.82;491.03;433.3;423.21;21.79;57.73;10.09
2020-01-13;517.7;494.37;440.3;419.19;23.34;54.06;21.12
2020-01-14;508.66;483.78;435.68;419.44;24.88;48.1;16.25
2020-01-15;490.29;463.88;423.79;424.65;26.41;40.09;-0.86
2020-01-16;464.76;436.82;406.44;423.76;27.94;30.38;-17.32
2020-01-17;447.11;417.65;398.27;419.01;29.45;19.38;-20.74
2020-01-18;450.75;419.79;412.24;420.78;30.96;7.56;-8.54
2020-01-19;461.98;429.52;434.11;424.02;32.46;-4.59;10.09
2020-01-20;458.47;424.52;441.05;419.93;33.95;-16.54;21.12
2020-01-21;440.14;404.71;432.49;416.25;35.43;-27.78;16.25
2020-01-22;418.09;381.19;419.04;419.9;36.9;-37.85;-0.86
2020-01-23;396.22;357.87;404.18;421.49;38.36;-46.31;-17.32
2020-01-24;383.14;343.34;396.14;416.88;39.8;-52.8;-20.74
2020-01-25;392.33;351.1;408.15;416.69;41.24;-57.06;-8.54
2020-01-26;415.96;373.3;432.18;422.1;42.66;-58.89;10.09
2020-01-27;428.96;384.89;443.11;421.99;44.07;-58.22;21.12
2020-01-28;424.7;379.23;434.3;418.06;45.47;-55.07;16.25
2020-01-29;417.06;370.21;419.81;420.67;46.85;-49.59;-0.86
2020-01-30;413.87;365.65;407.66;424.98;48.22;-42.01;-17.32
2020-01-31;417.97;368.39;401.03;421.77;49.58;-32.64;-20.74
2020-02-01;438.8;387.88;409.76;418.3;50.92;-21.89;-8.54
2020-02-02;473.93;421.69;431.89;421.8;52.24;-10.2;10.09
2020-02-03;499.68;446.13;444.21;423.1;53.55;1.91;21.12
2020-02-04;502.77;447.92;433.97;417.73;54.85;13.95;16.25
2020-02-05;497.02;440.9;415.5;416.36;56.13;25.39;-0.86
2020-02-06;496.6;439.21;403.45;420.77;57.39;35.76;-17.32
2020-02-07;502.53;443.9;399.3;420.03;58.63;44.61;-20.74
2020-02-08;518.43;458.57;407.01;415.55;59.86;51.56;-8.54
2020-02-09;545.39;484.32;428.0;417.91;61.07;56.32;10.09
2020-02-10;564.75;502.49;443.79;422.68;62.26;58.7;21.12
2020-02-11;558.58;495.15;436.57;420.33;63.43;58.58;16.25
2020-02-12;537.38;472.79;416.82;417.67;64.59;55.97;-0.86
2020-02-13;521.48;455.76;404.76;422.08;65.72;50.99;-17.32
2020-02-14;514.38;447.55;403.7;424.44;66.84;43.84;-20.74
2020-02-15;513.96;446.03;411.19;419.73;67.93;34.84;-8.54
2020-02-16;521.83;452.82;428.47;418.39;69.01;24.35;10.09
2020-02-17;526.58;456.51;443.69;422.57;70.06;12.83;21.12
2020-02-18;509.51;438.41;437.65;421.4;71.1;0.76;16.25
2020-02-19;475.9;403.79;415.12;415.98;72.11;-11.34;-0.86
2020-02-20;449.98;376.88;399.83;417.15;73.11;-22.95;-17.32
2020-02-21;440.81;366.73;400.32;421.06;74.08;-33.59;-20.74
2020-02-22;441.83;366.8;409.61;418.15;75.02;-42.81;-8.54
2020-02-23;450.85;374.9;425.11;415.02;75.95;-50.21;10.09
2020-02-24;461.91;385.05;440.53;419.41;76.86;-55.48;21.12
2020-02-25;458.04;380.3;438.69;422.44;77.74;-58.39;16.25
2020-02-26;437.54;358.95;417.77;418.63;78.59;-58.82;-0.86
2020-02-27;423.45;344.02;400.78;418.1;79.43;-56.76;-17.32
2020-02-28;430.48;350.23;402.52;423.25;80.24;-52.28;-20.74
2020-02-29;449.97;368.94;414.53;423.07;81.03;-45.59;-8.54
2020-03-01;472.99;391.2;428.16;418.07;81.79;-36.96;10.09
2020-03-02;495.99;413.46;440.22;419.1;82.53;-26.76;21.12
2020-03-03;506.79;423.54;438.96;422.72;83.25;-15.43;16.25
2020-03-04;498.87;414.93;418.36;419.22;83.94;-3.44;-0.86
2020-03-05;490.98;406.38;397.68;415.0;84.6;8.7;-17.32
2020-03-06;503.23;417.98;397.52;418.26;85.24;20.46;-20.74
2020-03-07;529.26;443.4;412.04;420.58;85.86;31.36;-8.54
2020-03-08;553.72;467.27;426.35;416.26;86.45;40.93;10.09
2020-03-09;572.25;485.24;436.48;415.37;87.01;48.75;21.12
2020-03-10;579.07;491.52;437.01;420.76;87.55;54.51;16.25
2020-03-11;566.58;478.52;420.56;421.42;88.07;57.96;-0.86
2020-03-12;547.48;458.92;399.98;417.3;88.55;58.94;-17.32
2020-03-13;544.86;455.85;398.43;419.16;89.01;57.42;-20.74
2020-03-14;558.17;468.72;415.26;423.8;89.45;53.46;-8.54
2020-03-15;568.32;478.47;431.23;421.14;89.86;47.24;10.09
2020-03-16;567.45;477.22;438.21;417.1;90.24;39.01;21.12
2020-03-17;556.06;465.47;436.35;420.1;90.59;29.12;16.25
2020-03-18;530.1;439.18;421.19;422.05;90.92;17.99;-0.86
2020-03-19;496.97;405.75;399.65;416.96;91.22;6.11;-17.32
2020-03-20;479.6;388.11;394.15;414.88;91.49;-6.04;-20.74
2020-03-21;484.53;392.8;410.73;419.27;91.74;-17.93;-8.54
2020-03-22;492.32;400.37;429.43;419.34;91.96;-29.06;10.09
2020-03-23;489.08;396.93;435.89;414.77;92.15;-38.96;21.12
2020-03-24;477.8;385.49;432.69;416.44;92.32;-47.2;16.25
2020-03-25;459.73;367.27;420.71;421.57;92.45;-53.44;-0.86
2020-03-26;437.69;345.12;402.53;419.84;92.56;-57.41;-17.32
2020-03-27;429.63;336.98;395.92;416.65;92.65;-58.94;-20.74
2020-03-28;446.73;354.03;412.0;420.54;92.7;-57.97;-8.54
2020-03-29;471.77;379.04;433.58;423.49;92.73;-54.54;10.09
2020-03-30;484.1;391.37;440.16;419.04;92.73;-48.79;21.12
2020-03-31;484.9;392.19;433.17;416.92;92.7;-40.97;16.25
2020-04-01;481.35;388.7;420.12;420.98;92.65;-31.41;-0.86
2020-04-02;475.3;382.73;403.25;420.57;92.57;-20.52;-17.32
2020-04-03;478.01;385.55;394.32;415.05;92.46;-8.76;-20.74
2020-04-04;502.68;410.35;406.98;415.52;92.32;3.37;-8.54
2020-04-05;537.41;445.25;429.88;419.8;92.16;15.36;10.09
2020-04-06;557.37;465.41;438.7;417.58;91.97;26.7;21.12
2020-04-07;558.91;467.16;430.25;414.01;91.75;36.91;16.25
2020-04-08;554.11;462.61;417.06;417.92;91.51;45.55;-0.86
2020-04-09;547.76;456.53;404.28;421.59;91.23;52.25;-17.32
2020-04-10;545.04;454.1;397.36;418.1;90.93;56.74;-20.74
2020-04-11;557.69;467.09;408.27;416.81;90.61;58.82;-8.54
2020-04-12;580.53;490.27;431.88;421.79;90.25;58.4;10.09
2020-04-13;588.81;498.94;443.44;422.33;89.87;55.5;21.12
2020-04-14;573.15;483.68;433.44;417.2;89.47;50.24;16.25
2020-04-15;548.48;459.44;416.59;417.45;89.03;42.85;-0.86
2020-04-16;526.24;437.67;404.02;421.34;88.58;33.65;-17.32
2020-04-17;508.87;420.78;397.77;418.5;88.09;23.01;-20.74
2020-04-18;504.27;416.69;405.29;413.83;87.58;11.4;-8.54
2020-04-19;513.03;425.99;426.69;416.6;87.04;-0.7;10.09
2020-04-20;514.42;427.94;440.71;419.59;86.48;-12.77;21.12
2020-04-21;493.53;407.64;431.93;415.68;85.89;-24.29;16.25
2020-04-22;463.75;378.47;413.26;414.11;85.27;-34.78;-0.86
2020-04-23;442.89;358.25;402.05;419.37;84.64;-43.8;-17.32
2020-04-24;433.07;349.1;400.06;420.79;83.97;-50.96;-20.74
2020-04-25;435.39;352.11;408.06;416.6;83.28;-55.95;-8.54
2020-04-26;451.76;369.2;427.77;417.68;82.57;-58.57;10.09
2020-04-27;466.77;384.94;443.65;422.53;81.83;-58.7;21.12
2020-04-28;461.47;380.4;436.74;420.5;81.07;-56.34;16.25
2020-04-29;443.79;363.51;415.1;415.96;80.28;-51.59;-0.86
2020-04-30;435.89;356.42;401.07;418.39;79.47;-44.65;-17.32
2020-05-01;443.01;364.38;400.19;420.92;78.64;-35.81;-20.74
2020-05-02;460.02;382.24;407.69;416.23;77.78;-25.45;-8.54
2020-05-03;486.45;409.55;423.57;413.48;76.9;-14.01;10.09
2020-05-04;512.86;436.86;438.84;417.72;76.0;-1.98;21.12
2020-05-05;520.06;444.99;434.85;418.61;75.07;10.14;16.25
2020-05-06;509.15;435.03;413.2;414.06;74.12;21.83;-0.86
2020-05-07;503.44;430.28;397.69;415.01;73.15;32.59;-17.32
2020-05-08;513.78;441.62;399.65;420.39;72.16;41.96;-20.74
2020-05-09;531.51;460.37;410.81;419.35;71.15;49.56;-8.54
2020-05-10;550.96;480.84;425.79;415.71;70.12;55.05;10.09
2020-05-11;567.36;498.3;440.09;418.97;69.06;58.21;21.12
2020-05-12;565.58;497.6;438.71;422.46;67.99;58.89;16.25
2020-05-13;541.48;474.58;417.51;418.37;66.89;57.07;-0.86
2020-05-14;516.81;451.03;398.2;415.52;65.78;52.83;-17.32
2020-05-15;509.59;444.95;398.6;419.33;64.64;46.35;-20.74
2020-05-16;512.53;449.04;411.14;419.68;63.49;37.9;-8.54
2020-05-17;514.43;452.12;424.28;414.19;62.32;27.84;10.09
2020-05-18;512.78;451.65;435.06;413.94;61.13;16.6;21.12
2020-05-19;499.28;439.37;434.71;418.47;59.92;4.65;16.25
2020-05-20;467.35;408.66;416.15;417.01;58.69;-7.49;-0.86
2020-05-21;433.89;376.44;395.76;413.08;57.45;-19.32;-17.32
2020-05-22;421.55;365.36;395.69;416.42;56.19;-30.32;-20.74
2020-05-23;426.99;372.09;412.13;420.67;54.91;-40.04;-8.54
2020-05-24;433.24;379.62;427.68;417.6;53.62;-48.06;10.09
2020-05-25;434.98;382.67;436.71;415.59;52.31;-54.04;21.12
2020-05-26;429.79;378.81;436.53;420.28;50.98;-57.72;16.25
2020-05-27;411.34;361.7;420.65;421.51;49.64;-58.95;-0.86
2020-05-28;389.66;341.37;399.06;416.37;48.29;-57.68;-17.32
2020-05-29;388.05;341.13;395.1;415.83;46.92;-53.97;-20.74
2020-05-30;408.92;363.38;411.34;419.88;45.53;-47.96;-8.54
2020-05-31;432.08;387.94;427.85;417.77;44.14;-39.91;10.09
2020-06-01;446.43;403.7;433.87;412.76;42.73;-30.17;21.12
2020-06-02;453.36;412.06;431.2;414.96;41.31;-19.15;16.25
2020-06-03;450.24;410.36;417.68;418.54;39.87;-7.31;-0.86
2020-06-04;441.08;402.65;397.82;415.14;38.43;4.83;-17.32
2020-06-05;445.94;408.97;392.2;412.94;36.97;16.77;-20.74
2020-06-06;472.9;437.4;409.4;417.94;35.5;28.0;-8.54
2020-06-07;502.25;468.23;430.19;420.11;34.02;38.04;10.09
2020-06-08;516.07;483.54;437.08;415.96;32.53;46.46;21.12
2020-06-09;516.43;485.4;432.49;416.24;31.03;52.91;16.25
2020-06-10;506.96;477.44;420.32;421.18;29.53;57.12;-0.86
2020-06-11;489.41;461.4;402.5;419.82;28.01;58.9;-17.32
2020-06-12;478.83;452.34;394.16;414.9;26.48;58.18;-20.74
2020-06-13;488.07;463.12;408.13;416.67;24.95;54.99;-8.54
2020-06-14;502.68;479.27;429.8;419.72;23.41;49.46;10.09
2020-06-15;500.35;478.48;436.65;415.53;21.86;41.84;21.12
2020-06-16;481.15;460.84;428.4;412.16;20.31;32.44;16.25
2020-06-17;455.7;436.95;415.29;416.14;18.75;21.66;-0.86
2020-06-18;427.65;410.46;400.5;417.81;17.19;9.96;-17.32
2020-06-19;406.14;390.52;392.68;413.41;15.62;-2.16;-20.74
2020-06-20;404.95;390.91;405.09;413.63;14.04;-14.19;-8.54
2020-06-21;416.07;403.61;429.22;419.14;12.46;-25.61;10.09
2020-06-22;414.86;403.98;439.93;418.82;10.88;-35.95;21.12
2020-06-23;395.61;386.31;431.08;414.83;9.3;-44.77;16.25
2020-06-24;372.58;364.88;416.55;417.41;7.71;-51.68;-0.86
2020-06-25;353.75;347.63;404.03;421.34;6.12;-56.4;-17.32
2020-06-26;342.78;338.25;396.97;417.71;4.52;-58.72;-20.74
2020-06-27;350.02;347.09;405.64;414.18;2.93;-58.55;-8.54
2020-06-28;373.18;371.84;427.74;417.65;1.33;-55.9;10.09
2020-06-29;388.71;388.98;439.84;418.73;-0.26;-50.87;21.12
2020-06-30;384.1;385.95;429.64;413.39;-1.86;-43.68;16.25
2020-07-01;373.47;376.92;411.56;412.42;-3.45;-34.64;-0.86
2020-07-02;370.59;375.63;399.76;417.08;-5.04;-24.13;-17.32
2020-07-03;376.45;383.08;395.67;416.41;-6.64;-12.59;-20.74
2020-07-04;394.94;403.17;403.69;412.23;-8.23;-0.52;-8.54
2020-07-05;426.79;436.6;425.03;414.94;-9.81;11.57;10.09
2020-07-06;452.56;463.95;440.78;419.66;-11.4;23.18;21.12
2020-07-07;454.16;467.14;433.35;417.1;-12.98;33.79;16.25
2020-07-08;442.0;456.56;413.58;414.44;-14.56;42.98;-0.86
2020-07-09;435.62;451.75;401.41;418.73;-16.13;50.34;-17.32
2020-07-10;437.75;455.45;399.89;420.63;-17.7;55.56;-20.74
2020-07-11;446.22;465.48;407.06;415.6;-19.26;58.42;-8.54
2020-07-12;462.33;483.15;424.35;414.27;-20.82;58.8;10.09
2020-07-13;473.79;496.16;439.47;418.36;-22.37;56.69;21.12
2020-07-14;461.5;485.42;433.25;417.0;-23.92;52.17;16.25
2020-07-15;430.88;456.33;410.9;411.76;-25.45;45.43;-0.86
2020-07-16;405.8;432.78;396.02;413.33;-26.98;36.77;-17.32
2020-07-17;394.71;423.22;396.67;417.41;-28.51;26.54;-20.74
2020-07-18;391.24;421.26;406.07;414.61;-30.02;15.19;-8.54
2020-07-19;393.6;425.13;421.93;411.84;-31.52;3.19;10.09
2020-07-20;395.64;428.66;437.6;416.48;-33.02;-8.94;21.12
2020-07-21;380.4;414.9;435.59;419.35;-34.51;-20.69;16.25
2020-07-22;346.96;382.94;414.51;415.37;-35.98;-31.57;-0.86
2020-07-23;318.98;356.43;397.53;414.84;-37.45;-41.1;-17.32
2020-07-24;311.23;350.13;399.02;419.76;-38.9;-48.89;-20.74
2020-07-25;315.61;355.96;410.56;419.1;-40.34;-54.6;-8.54
2020-07-26;324.22;365.99;423.99;413.91;-41.77;-58.0;10.09
2020-07-27;333.96;377.15;436.08;414.97;-43.19;-58.93;21.12
2020-07-28;332.72;377.32;434.68;418.44;-44.6;-57.37;16.25
2020-07-29;314.63;360.62;413.98;414.84;-45.99;-53.36;-0.86
2020-07-30;299.15;346.51;393.6;410.92;-47.37;-47.09;-17.32
2020-07-31;306.26;354.99;393.81;414.55;-48.73;-38.82;-20.74
2020-08-01;329.44;379.52;408.42;416.96;-50.08;-28.91;-8.54
2020-08-02;353.73;405.15;422.91;412.82;-51.42;-17.76;10.09
2020-08-03;374.83;427.57;433.43;412.32;-52.74;-5.86;21.12
2020-08-04;386.31;440.35;434.07;417.82;-54.04;6.28;16.25
2020-08-05;380.22;435.55;417.39;418.24;-55.33;18.16;-0.86
2020-08-06;369.38;425.98;396.71;414.02;-56.6;29.27;-17.32
2020-08-07;376.41;434.26;395.12;415.86;-57.86;39.14;-20.74
2020-08-08;399.85;458.94;411.6;420.14;-59.09;47.35;-8.54
2020-08-09;420.36;480.67;427.13;417.05;-60.31;53.54;10.09
2020-08-10;429.99;491.5;434.04;412.92;-61.52;57.46;21.12
2020-08-11;428.43;491.13;432.19;415.94;-62.7;58.94;16.25
2020-08-12;410.9;474.77;416.85;417.71;-63.87;57.92;-0.86
2020-08-13;384.75;449.77;395.32;412.64;-65.01;54.44;-17.32
2020-08-14;372.73;438.88;390.22;410.96;-66.14;48.65;-20.74
2020-08-15;380.64;447.89;407.09;415.63;-67.25;40.8;-8.54
2020-08-16;388.73;457.07;425.86;415.77;-68.34;31.21;10.09
2020-08-17;383.46;452.87;432.58;411.46;-69.41;20.3;21.12
2020-08-18;367.79;438.25;429.73;413.48;-70.46;8.52;16.25
2020-08-19;342.62;414.1;417.72;418.57;-71.48;-3.62;-0.86
2020-08-20;311.2;383.69;399.28;416.6;-72.49;-15.6;-17.32
2020-08-21;292.24;365.71;392.63;413.37;-73.47;-26.92;-20.74
2020-08-22;297.07;371.5;408.6;417.14;-74.43;-37.1;-8.54
2020-08-23;308.67;384.04;429.74;419.66;-75.37;-45.7;10.09
2020-08-24;307.32;383.62;435.98;414.86;-76.29;-52.36;21.12
2020-08-25;295.01;372.2;429.0;412.76;-77.19;-56.8;16.25
2020-08-26;279.02;357.08;415.91;416.77;-78.06;-58.83;-0.86
2020-08-27;261.61;340.52;398.88;416.2;-78.91;-58.36;-17.32
2020-08-28;254.95;334.69;390.11;410.84;-79.74;-55.41;-20.74
2020-08-29;272.54;353.08;403.2;411.74;-80.54;-50.11;-8.54
2020-08-30;302.29;383.61;426.3;416.21;-81.32;-42.69;10.09
2020-08-31;319.68;401.75;435.2;414.08;-82.07;-33.45;21.12
2020-09-01;321.49;404.29;427.08;410.83;-82.8;-22.79;16.25
2020-09-02;319.48;402.98;414.14;415.0;-83.51;-11.16;-0.86
2020-09-03;317.95;402.14;401.2;418.51;-84.19;0.94;-17.32
2020-09-04;322.23;407.07;394.07;414.81;-84.85;13.0;-20.74
2020-09-05;344.0;429.47;404.96;413.5;-85.48;24.51;-8.54
2020-09-06;377.25;463.33;428.35;418.27;-86.08;34.98;10.09
2020-09-07;396.74;483.41;439.44;418.33;-86.66;43.96;21.12
2020-09-08;393.09;480.31;429.23;412.98;-87.22;51.08;16.25
2020-09-09;380.71;468.46;412.43;413.29;-87.75;56.03;-0.86
2020-09-10;370.11;458.36;399.76;417.08;-88.25;58.6;-17.32
2020-09-11;363.36;452.09;393.41;414.14;-88.73;58.68;-20.74
2020-09-12;368.32;457.5;401.23;409.77;-89.18;56.27;-8.54
2020-09-13;384.9;474.5;423.03;412.94;-89.6;51.47;10.09
2020-09-14;391.65;481.65;437.16;416.04;-90.0;44.49;21.12
2020-09-15;373.76;464.13;428.52;412.27;-90.37;35.62;16.25
2020-09-16;344.72;435.44;410.21;411.07;-90.72;25.23;-0.86
2020-09-17;321.87;412.91;399.13;416.45;-91.03;13.78;-17.32
2020-09-18;307.29;398.62;396.88;417.62;-91.32;1.74;-20.74
2020-09-19;302.77;394.36;404.74;413.28;-91.59;-10.38;-8.54
2020-09-20;310.53;402.36;424.41;414.33;-91.82;-22.05;10.09
2020-09-21;315.14;407.17;439.96;418.84;-92.03;-32.79;21.12
2020-09-22;298.26;390.48;432.61;416.37;-92.22;-42.14;16.25
2020-09-23;268.82;361.19;410.88;411.74;-92.37;-49.69;-0.86
2020-09-24;249.26;341.76;396.9;414.22;-92.5;-55.14;-17.32
2020-09-25;245.03;337.63;395.88;416.61;-92.6;-58.24;-20.74
2020-09-26;251.84;344.51;403.39;411.93;-92.67;-58.88;-8.54
2020-09-27;269.94;362.65;419.66;409.58;-92.72;-57.01;10.09
2020-09-28;289.8;382.54;435.26;414.15;-92.73;-52.72;21.12
2020-09-29;292.42;385.14;431.34;415.09;-92.72;-46.2;16.25
2020-09-30;279.51;372.19;409.91;410.76;-92.69;-37.71;-0.86
2020-10-01;274.49;367.12;394.74;412.06;-92.62;-27.62;-17.32
2020-10-02;287.78;380.31;396.67;417.41;-92.53;-16.36;-20.74
2020-10-03;310.73;403.14;407.55;416.09;-92.41;-4.41;-8.54
2020-10-04;337.92;430.18;422.45;412.36;-92.27;7.73;10.09
2020-10-05;364.11;456.2;436.65;415.54;-92.09;19.55;21.12
2020-10-06;373.49;465.38;434.85;418.6;-91.89;30.53;16.25
2020-10-07;361.85;453.51;413.29;414.15;-91.66;40.22;-0.86
2020-10-08;350.79;442.2;394.0;411.31;-91.41;48.2;-17.32
2020-10-09;357.41;448.54;394.4;415.14;-91.12;54.13;-20.74
2020-10-10;373.76;464.57;406.8;415.34;-90.81;57.77;-8.54
2020-10-11;388.56;479.04;420.08;410.0;-90.48;58.95;10.09
2020-10-12;398.83;488.94;431.31;410.19;-90.11;57.63;21.12
2020-10-13;395.34;485.06;431.19;414.95;-89.72;53.87;16.25
2020-10-14;371.2;460.5;412.69;413.55;-89.31;47.81;-0.86
2020-10-15;343.46;432.32;392.59;409.91;-88.87;39.73;-17.32
2020-10-16;334.35;422.74;392.78;413.52;-88.4;29.96;-20.74
2020-10-17;340.08;427.98;409.06;417.6;-87.9;18.92;-8.54
2020-10-18;344.05;431.43;424.35;414.27;-87.38;7.07;10.09
2020-10-19;341.44;428.27;433.34;412.22;-86.83;-5.07;21.12
2020-10-20;329.71;415.97;432.97;416.72;-86.26;-17.0;16.25
2020-10-21;302.76;388.42;416.63;417.49;-85.66;-28.21;-0.86
2020-10-22;271.54;356.57;394.8;412.11;-85.04;-38.22;-17.32
2020-10-23;259.91;344.3;390.91;411.65;-84.39;-46.61;-20.74
2020-10-24;270.37;354.09;407.1;415.64;-83.72;-53.02;-8.54
2020-10-25;283.33;366.35;423.52;413.44;-83.02;-57.18;10.09
2020-10-26;288.62;370.92;429.83;408.71;-82.29;-58.91;21.12
2020-10-27;287.9;369.45;427.58;411.34;-81.55;-58.14;16.25
2020-10-28;278.52;359.29;414.19;415.05;-80.77;-54.9;-0.86
2020-10-29;265.13;345.11;394.44;411.75;-79.98;-49.33;-17.32
2020-10-30;268.33;347.49;389.15;409.89;-79.16;-41.67;-20.74
2020-10-31;295.94;374.26;406.49;415.03;-78.32;-32.23;-8.54
2020-11-01;328.13;405.58;427.02;416.93;-77.45;-21.43;10.09
2020-11-02;347.42;423.98;433.71;412.59;-76.56;-9.72;21.12
2020-11-03;355.82;431.48;429.07;412.83;-75.65;2.4;16.25
2020-11-04;356.32;431.03;416.61;417.47;-74.72;14.42;-0.86
2020-11-05;350.41;424.18;398.34;415.66;-73.76;25.83;-17.32
2020-11-06;353.26;426.04;389.9;410.63;-72.78;36.14;-20.74
2020-11-07;377.09;448.88;403.95;412.49;-71.78;44.92;-8.54
2020-11-08;406.56;477.32;425.53;415.44;-70.76;51.79;10.09
2020-11-09;419.11;488.84;432.37;411.25;-69.72;56.47;21.12
2020-11-10;414.6;483.26;424.52;408.28;-68.66;58.74;16.25
2020-11-11;402.71;470.29;411.76;412.62;-67.58;58.52;-0.86
2020-11-12;386.39;452.86;397.05;414.36;-66.48;55.82;-17.32
2020-11-13;374.79;440.14;389.4;410.13;-65.35;50.74;-20.74
2020-11-14;381.44;445.66;402.14;410.68;-64.21;43.52;-8.54
2020-11-15;397.64;460.7;426.25;416.17;-63.05;34.44;10.09
2020-11-16;398.69;460.56;436.66;415.54;-61.87;23.9;21.12
2020-11-17;379.35;440.02;427.67;411.43;-60.67;12.35;16.25
2020-11-18;353.88;413.34;413.07;413.93;-59.46;0.28;-0.86
2020-11-19;330.11;388.33;400.15;417.46;-58.23;-11.81;-17.32
2020-11-20;312.34;369.32;392.72;413.45;-56.98;-23.4;-20.74
2020-11-21;311.7;367.41;401.4;409.94;-55.71;-33.99;-8.54
2020-11-22;325.98;380.41;423.55;413.47;-54.43;-43.14;10.09
2020-11-23;331.95;385.08;435.54;414.42;-53.13;-50.46;21.12
2020-11-24;318.01;369.83;425.46;409.22;-51.81;-55.64;16.25
2020-11-25;298.9;349.38;407.84;408.7;-50.48;-58.45;-0.86
2020-11-26;288.38;337.52;396.3;413.62;-49.13;-58.79;-17.32
2020-11-27;287.86;335.64;392.26;413.0;-47.77;-56.62;-20.74
2020-11-28;302.07;348.47;400.52;409.06;-46.4;-52.05;-8.54
2020-11-29;331.83;376.84;422.12;412.04;-45.01;-45.28;10.09
2020-11-30;357.53;401.14;437.72;416.6;-43.61;-36.58;21.12
2020-12-01;361.46;403.66;429.99;413.74;-42.2;-26.33;16.25
2020-12-02;354.43;395.2;410.15;411.01;-40.77;-14.96;-0.86
2020-12-03;355.53;394.86;397.81;415.13;-39.33;-2.95;-17.32
2020-12-04;367.14;405.02;395.85;416.58;-37.88;9.18;-20.74
2020-12-05;387.26;423.68;402.76;411.3;-36.42;20.92;-8.54
2020-12-06;416.97;451.91;420.14;410.06;-34.95;31.77;10.09
2020-12-07;443.07;476.54;435.26;414.15;-33.46;41.28;21.12
2020-12-08;446.01;477.98;428.95;412.71;-31.97;49.03;16.25
2020-12-09;431.1;461.57;406.87;407.73;-30.47;54.7;-0.86
2020-12-10;421.52;450.48;392.44;409.75;-28.96;58.04;-17.32
2020-12-11;424.74;452.18;393.25;413.99;-27.44;58.93;-20.74
2020-12-12;434.11;460.03;402.72;411.26;-25.91;57.31;-8.54
2020-12-13;447.76;472.13;418.88;408.79;-24.38;53.26;10.09
2020-12-14;458.8;481.64;434.69;413.57;-22.83;46.94;21.12
2020-12-15;449.77;471.06;432.42;416.17;-21.28;38.64;16.25
2020-12-16;420.05;439.78;411.09;411.94;-19.73;28.69;-0.86
2020-12-17;393.42;411.59;394.06;411.37;-18.17;17.53;-17.32
2020-12-18;384.31;400.9;395.28;416.02;-16.6;5.62;-20.74
2020-12-19;384.82;399.85;406.38;414.92;-15.03;-6.53;-8.54
2020-12-20;387.84;401.29;419.69;409.6;-13.45;-18.4;10.09
2020-12-21;390.54;402.41;431.9;410.78;-11.87;-29.48;21.12
2020-12-22;380.83;391.12;430.44;414.2;-10.29;-39.32;16.25
2020-12-23;353.54;362.24;409.73;410.59;-8.7;-47.49;-0.86
2020-12-24;328.99;336.1;389.74;407.06;-7.11;-53.64;-17.32
2020-12-25;327.31;332.83;390.34;411.08;-5.52;-57.52;-20.74
2020-12-26;342.16;346.08;405.03;413.57;-3.93;-58.95;-8.54
2020-12-27;359.43;361.76;419.64;409.55;-2.33;-57.88;10.09
2020-12-28;375.38;376.12;430.47;409.35;-0.74;-54.35;21.12
2020-12-29;383.45;382.59;431.1;414.86;0.86;-48.52;16.25
2020-12-30;375.93;373.47;414.09;414.95;2.45;-40.62;-0.86
2020-12-31;366.29;362.24;393.24;410.56;4.05;-31.0;-17.32
2021-01-01;377.16;371.52;391.59;412.32;5.64;-20.07;-20.74
2021-01-02;406.65;399.42;407.7;416.24;7.23;-8.28;-8.54
2021-01-03;435.53;426.7;422.84;412.76;8.82;3.86;10.09
2021-01-04;456.01;445.6;429.76;408.65;10.41;15.83;21.12
2021-01-05;467.14;455.15;428.01;411.77;11.99;27.14;16.25
2021-01-06;463.45;449.87;412.59;413.44;13.57;37.29;-0.86
2021-01-07;452.18;437.03;391.18;408.49;15.15;45.85;-17.32
2021-01-08;455.73;439.01;386.53;407.27;16.72;52.48;-20.74
2021-01-09;478.85;460.56;403.7;412.24;18.29;56.87;-8.54
2021-01-10;501.19;481.34;422.5;412.41;19.85;58.85;10.09
2021-01-11;509.14;487.74;429.41;408.3;21.4;58.33;21.12
2021-01-12;505.1;482.15;426.82;410.57;22.95;55.33;16.25
2021-01-13;489.14;464.64;414.66;415.52;24.49;49.99;-0.86
2021-01-14;464.44;438.41;395.89;413.21;26.03;42.52;-17.32
2021-01-15;449.94;422.38;389.13;409.87;27.56;33.25;-20.74
2021-01-16;456.6;427.53;404.97;413.51;29.07;22.56;-8.54
2021-01-17;467.19;436.6;425.68;415.59;30.59;10.92;10.09
2021-01-18;462.54;430.46;431.64;410.52;32.09;-1.18;21.12
2021-01-19;445.11;411.53;424.77;408.52;33.58;-13.24;16.25
2021-01-20;422.06;387.0;411.73;412.59;35.06;-24.73;-0.86
2021-01-21;395.98;359.45;394.62;411.94;36.53;-35.18;-17.32
2021-01-22;379.97;341.97;386.1;406.84;37.99;-44.13;-20.74
2021-01-23;387.9;348.46;399.66;408.2;39.44;-51.2;-8.54
2021-01-24;407.72;366.84;422.94;412.85;40.88;-56.1;10.09
2021-01-25;415.56;373.26;431.88;410.76;42.31;-58.62;21.12
2021-01-26;409.08;365.36;424.02;407.77;43.72;-58.66;16.25
2021-01-27;400.16;355.04;411.23;412.09;45.12;-56.2;-0.86
2021-01-28;393.17;346.66;398.02;415.33;46.51;-51.35;-17.32
2021-01-29;394.15;346.27;390.6;411.34;47.88;-44.33;-20.74
2021-01-30;415.25;366.01;401.43;409.97;49.24;-35.42;-8.54
2021-01-31;450.16;399.58;424.59;414.5;50.58;-25.01;10.09
2021-02-01;473.61;421.7;435.24;414.12;51.91;-13.54;21.12
2021-02-02;476.62;423.39;424.88;408.64;53.23;-1.49;16.25
2021-02-03;473.38;418.86;408.24;409.1;54.53;10.62;-0.86
2021-02-04;473.64;417.84;395.56;412.88;55.81;22.28;-17.32
2021-02-05;479.26;422.19;389.2;409.93;57.07;32.99;-20.74
2021-02-06;498.02;439.7;397.39;405.93;58.32;42.31;-8.54
2021-02-07;528.98;469.43;419.6;409.52;59.55;49.82;10.09
2021-02-08;549.82;489.05;433.82;412.71;60.77;55.22;21.12
2021-02-09;545.51;483.55;425.27;409.02;61.96;58.28;16.25
2021-02-10;529.24;466.1;407.23;408.09;63.14;58.86;-0.86
2021-02-11;517.42;453.12;396.17;413.49;64.3;56.95;-17.32
2021-02-12;511.63;446.19;393.58;414.31;65.44;52.61;-20.74
2021-02-13;513.82;447.26;401.22;409.76;66.56;46.05;-8.54
2021-02-14;526.01;458.35;420.82;410.74;67.66;37.52;10.09
2021-02-15;532.19;463.45;436.04;414.92;68.74;27.41;21.12
2021-02-16;514.23;444.43;428.3;412.05;69.8;16.13;16.25
2021-02-17;481.58;410.74;406.57;407.43;70.84;4.17;-0.86
2021-02-18;456.62;384.76;392.74;410.05;71.86;-7.98;-17.32
2021-02-19;444.74;371.88;391.66;412.4;72.86;-19.78;-20.74
2021-02-20;442.37;368.54;399.28;407.82;73.84;-30.74;-8.54
2021-02-21;450.39;375.6;416.0;405.91;74.79;-40.4;10.09
2021-02-22;459.3;383.58;431.92;410.8;75.72;-48.34;21.12
2021-02-23;450.43;373.79;428.02;411.78;76.63;-54.23;16.25
2021-02-24;426.44;348.92;406.74;407.6;77.52;-57.82;-0.86
2021-02-25;411.25;332.87;391.82;409.14;78.38;-58.95;-17.32
2021-02-26;415.26;336.03;393.61;414.35;79.22;-57.58;-20.74
2021-02-27;430.4;350.35;404.12;412.66;80.04;-53.77;-8.54
2021-02-28;452.05;371.21;418.89;408.8;80.83;-47.67;10.09
2021-03-01;475.03;393.43;432.98;411.86;81.6;-39.55;21.12
2021-03-02;483.37;401.02;430.77;414.52;82.35;-29.75;16.25
2021-03-03;473.31;390.24;408.92;409.78;83.07;-18.69;-0.86
2021-03-04;466.67;382.91;389.74;407.05;83.77;-6.83;-17.32
2021-03-05;480.0;395.56;390.25;410.98;84.44;5.32;-20.74
2021-03-06;504.91;419.83;402.59;411.13;85.09;17.24;-8.54
2021-03-07;530.23;444.53;416.1;406.02;85.71;28.42;10.09
2021-03-08;552.51;466.21;427.8;406.68;86.3;38.41;21.12
2021-03-09;561.53;474.65;427.9;411.65;86.88;46.76;16.25
2021-03-10;549.95;462.53;409.41;410.26;87.42;53.12;-0.86
2021-03-11;534.69;446.75;389.52;406.84;87.94;57.24;-17.32
2021-03-12;537.21;448.78;389.86;410.6;88.43;58.92;-20.74
2021-03-13;552.87;463.97;405.87;414.41;88.9;58.1;-8.54
2021-03-14;564.99;475.65;420.84;410.75;89.34;54.81;10.09
2021-03-15;568.7;478.94;429.74;408.63;89.76;49.2;21.12
2021-03-16;560.81;470.67;429.17;412.93;90.14;41.49;16.25
2021-03-17;534.94;444.44;412.41;413.27;90.5;32.03;-0.86
2021-03-18;502.46;411.63;390.42;407.74;90.84;21.21;-17.32
2021-03-19;487.34;396.19;386.71;407.45;91.15;9.48;-20.74
2021-03-20;491.73;400.3;402.95;411.48;91.43;-2.64;-8.54
2021-03-21;496.38;404.7;419.36;409.27;91.68;-14.66;10.09
2021-03-22;491.86;399.96;426.01;404.89;91.91;-26.05;21.12
2021-03-23;479.97;387.87;424.21;407.96;92.11;-36.34;16.25
2021-03-24;458.11;365.84;410.92;411.77;92.28;-45.08;-0.86
2021-03-25;431.71;339.29;391.2;408.52;92.42;-51.91;-17.32
2021-03-26;422.17;329.63;386.16;406.9;92.54;-56.54;-20.74
2021-03-27;437.39;344.76;403.52;412.06;92.63;-58.76;-8.54
2021-03-28;457.89;365.2;423.69;413.61;92.69;-58.49;10.09
2021-03-29;467.11;374.39;430.12;409.01;92.73;-55.74;21.12
2021-03-30;467.54;374.81;425.43;409.18;92.73;-50.62;16.25
2021-03-31;462.03;369.32;412.67;413.53;92.71;-43.35;-0.86
2021-04-01;452.43;359.77;394.01;411.33;92.67;-34.24;-17.32
2021-04-02;454.47;361.87;385.56;406.29;92.59;-23.68;-20.74
2021-04-03;480.17;387.68;399.8;408.34;92.49;-12.11;-8.54
2021-04-04;513.69;421.33;421.36;411.28;92.36;-0.03;10.09
2021-04-05;532.54;440.34;428.29;407.17;92.2;12.05;21.12
2021-04-06;536.52;444.5;420.88;404.63;92.02;23.62;16.25
2021-04-07;534.47;442.67;408.47;409.33;91.81;34.19;-0.86
2021-04-08;528.66;437.09;393.78;411.09;91.57;43.31;-17.32
2021-04-09;528.12;436.82;386.23;406.97;91.3;50.59;-20.74
2021-04-10;545.93;454.92;399.2;407.74;91.01;55.72;-8.54
2021-04-11;572.37;481.68;423.19;413.11;90.69;58.48;10.09
2021-04-12;582.31;491.97;433.2;412.09;90.34;58.77;21.12
2021-04-13;570.57;480.6;424.05;407.8;89.97;56.55;16.25
2021-04-14;550.86;461.28;409.34;410.2;89.57;51.94;-0.86
2021-04-15;530.32;441.18;396.05;413.37;89.15;45.12;-17.32
2021-04-16;513.4;424.71;388.32;409.06;88.69;36.39;-20.74
2021-04-17;511.44;423.23;397.12;405.66;88.21;26.11;-8.54
2021-04-18;521.85;434.15;419.42;409.34;87.71;14.72;10.09
2021-04-19;521.27;434.09;431.38;410.27;87.18;2.71;21.12
2021-04-20;498.71;412.09;421.51;405.26;86.62;-9.42;16.25
2021-04-21;469.25;383.21;404.36;405.22;86.04;-21.15;-0.86
2021-04-22;446.52;361.09;393.06;410.38;85.43;-31.98;-17.32
2021-04-23;432.36;347.56;389.01;409.74;84.8;-41.45;-20.74
2021-04-24;432.41;348.28;397.44;405.98;84.14;-49.16;-8.54
2021-04-25;447.86;364.4;419.19;409.1;83.46;-54.79;10.09
2021-04-26;459.19;376.44;434.52;413.41;82.75;-58.09;21.12
2021-04-27;449.52;367.51;426.43;410.18;82.02;-58.92;16.25
2021-04-28;430.5;349.24;406.49;407.35;81.26;-57.25;-0.86
2021-04-29;421.31;340.83;393.99;411.3;80.48;-53.15;-17.32
2021-04-30;424.49;344.81;391.61;412.35;79.67;-46.8;-20.74
2021-05-01;438.74;359.9;398.35;406.89;78.85;-38.46;-8.54
2021-05-02;465.45;387.45;415.93;405.85;77.99;-28.48;10.09
2021-05-03;490.97;413.85;431.15;410.03;77.12;-17.3;21.12
2021-05-04;495.68;419.45;424.83;408.59;76.22;-5.38;16.25
2021-05-05;485.15;409.85;403.08;403.94;75.3;6.77;-0.86
2021-05-06;482.09;407.72;389.1;406.41;74.36;18.63;-17.32
2021-05-07;493.12;419.73;390.03;410.77;73.4;29.7;-20.74
2021-05-08;511.41;439.0;399.5;408.04;72.41;39.5;-8.54
2021-05-09;534.9;463.5;415.86;405.78;71.4;47.63;10.09
2021-05-10;555.83;485.46;431.71;410.6;70.38;53.74;21.12
2021-05-11;555.97;486.65;429.08;412.83;69.33;57.57;16.25
2021-05-12;534.66;466.4;407.45;408.31;68.26;58.95;-0.86
2021-05-13;515.35;448.18;390.35;407.67;67.17;57.83;-17.32
2021-05-14;511.64;445.58;391.32;412.06;66.06;54.26;-20.74
2021-05-15;515.33;450.41;402.03;410.57;64.93;48.38;-8.54
2021-05-16;519.54;455.76;415.32;405.23;63.78;40.44;10.09
2021-05-17;521.16;458.55;427.75;406.64;62.61;30.79;21.12
2021-05-18;507.59;446.17;426.33;410.08;61.43;19.84;16.25
2021-05-19;473.95;413.73;405.69;406.55;60.22;8.04;-0.86
2021-05-20;441.02;382.02;386.13;403.44;59.0;-4.1;-17.32
2021-05-21;428.79;371.03;387.1;407.83;57.76;-16.07;-20.74
2021-05-22;430.96;374.46;401.81;410.35;56.5;-27.35;-8.54
2021-05-23;434.23;379.0;416.47;406.39;55.23;-37.48;10.09
2021-05-24;435.44;381.5;427.51;406.39;53.94;-46.01;21.12
2021-05-25;428.08;375.45;428.03;411.79;52.63;-52.59;16.25
2021-05-26;404.99;353.68;410.61;411.47;51.31;-56.93;-0.86
2021-05-27;380.67;330.69;389.55;406.87;49.98;-58.86;-17.32
2021-05-28;378.15;329.52;387.82;408.55;48.63;-58.29;-20.74
2021-05-29;395.61;348.35;403.59;412.13;47.26;-55.25;-8.54
2021-05-30;414.46;368.58;418.43;408.35;45.88;-49.86;10.09
2021-05-31;427.6;383.11;425.46;404.35;44.49;-42.35;21.12
2021-06-01;433.95;390.87;423.91;407.67;43.08;-33.04;16.25
2021-06-02;427.81;386.15;408.48;409.34;41.66;-22.34;-0.86
2021-06-03;416.81;376.57;387.25;404.57;40.23;-10.68;-17.32
2021-06-04;423.3;384.51;383.08;403.82;38.79;1.43;-20.74
2021-06-05;451.32;413.98;400.51;409.05;37.33;13.48;-8.54
2021-06-06;480.1;444.23;419.28;409.19;35.87;24.95;10.09
2021-06-07;496.07;461.68;426.31;405.19;34.39;35.37;21.12
2021-06-08;501.06;468.15;423.86;407.62;32.91;44.29;16.25
2021-06-09;494.19;462.78;411.45;412.31;31.41;51.32;-0.86
2021-06-10;478.37;448.47;392.29;409.61;29.9;56.18;-17.32
2021-06-11;472.44;444.06;385.41;406.14;28.39;58.65;-20.74
2021-06-12;486.6;459.74;401.1;409.64;26.87;58.63;-8.54
2021-06-13;502.9;477.56;421.44;411.35;25.34;56.12;10.09
2021-06-14;502.25;478.45;427.22;406.1;23.8;51.23;21.12
2021-06-15;486.97;464.72;420.55;404.3;22.25;44.17;16.25
2021-06-16;463.58;442.88;407.66;408.52;20.7;35.23;-0.86
2021-06-17;434.49;415.35;390.56;407.87;19.14;24.79;-17.32
2021-06-18;413.21;395.63;382.33;403.07;17.58;13.3;-20.74
2021-06-19;413.61;397.6;396.35;404.89;16.01;1.25;-8.54
2021-06-20;423.35;408.91;419.77;409.68;14.44;-10.86;10.09
2021-06-21;419.03;406.17;428.68;407.56;12.86;-22.5;21.12
2021-06-22;399.06;387.79;420.98;404.73;11.28;-33.19;16.25
2021-06-23;375.46;365.77;408.24;409.1;9.69;-42.47;-0.86
2021-06-24;352.81;344.71;394.66;411.98;8.1;-49.95;-17.32
2021-06-25;338.11;331.6;386.91;407.64;6.51;-55.31;-20.74
2021-06-26;344.27;339.34;397.66;406.2;4.92;-58.32;-8.54
2021-06-27;365.08;361.76;420.61;410.52;3.33;-58.85;10.09
2021-06-28;375.73;374.0;430.88;409.77;1.73;-56.89;21.12
2021-06-29;368.13;367.99;420.49;404.25;0.14;-52.5;16.25
2021-06-30;356.75;358.2;404.1;404.96;-1.46;-45.89;-0.86
2021-07-01;351.11;354.16;391.5;408.82;-3.05;-37.34;-17.32
2021-07-02;353.36;358.01;385.2;405.94;-4.65;-27.19;-20.74
2021-07-03;371.66;377.9;393.8;402.34;-6.24;-15.9;-8.54
2021-07-04;404.65;412.48;416.41;406.32;-7.83;-3.92;10.09
2021-07-05;429.45;438.87;430.65;409.53;-9.42;8.22;21.12
2021-07-06;431.1;442.11;422.1;405.85;-11.0;20.01;16.25
2021-07-07;422.6;435.19;404.24;405.1;-12.59;30.95;-0.86
2021-07-08;419.5;433.66;393.09;410.4;-14.16;40.57;-17.32
2021-07-09;422.81;438.55;390.07;410.8;-15.74;48.48;-20.74
2021-07-10;434.48;451.79;397.46;406.0;-17.31;54.33;-8.54
2021-07-11;455.99;474.87;417.0;406.92;-18.87;57.87;10.09
2021-07-12;470.44;490.88;431.93;410.81;-20.43;58.95;21.12
2021-07-13;459.42;481.41;423.88;407.63;-21.98;57.53;16.25
2021-07-14;432.39;455.92;402.25;403.11;-23.53;53.67;-0.86
2021-07-15;411.12;436.19;388.66;405.98;-25.07;47.53;-17.32
2021-07-16;400.38;426.99;387.62;408.35;-26.6;39.37;-20.74
2021-07-17;396.8;424.93;395.39;403.93;-28.13;29.54;-8.54
2021-07-18;401.39;431.03;412.57;402.49;-29.64;18.46;10.09
2021-07-19;404.22;435.37;428.78;407.66;-31.15;6.59;21.12
2021-07-20;386.64;419.28;424.84;408.59;-32.65;-5.56;16.25
2021-07-21;352.02;386.15;403.62;404.48;-34.14;-17.47;-0.86
2021-07-22;324.59;360.2;388.84;406.15;-35.61;-28.64;-17.32
2021-07-23;314.73;351.81;390.4;411.13;-37.08;-38.59;-20.74
2021-07-24;315.04;353.57;400.48;409.02;-38.54;-46.91;-8.54
2021-07-25;321.88;361.86;415.09;405.0;-39.98;-53.23;10.09
2021-07-26;330.37;371.78;429.08;407.96;-41.42;-57.29;21.12
2021-07-27;324.76;367.6;426.52;410.28;-42.84;-58.93;16.25
2021-07-28;302.18;346.43;404.48;405.34;-44.25;-58.05;-0.86
2021-07-29;285.15;330.8;385.52;402.83;-45.64;-54.72;-17.32
2021-07-30;290.13;337.15;386.22;406.95;-47.02;-49.06;-20.74
2021-07-31;308.87;357.26;398.58;407.12;-48.39;-41.32;-8.54
2021-08-01;330.79;380.54;412.36;402.28;-49.74;-31.83;10.09
2021-08-02;352.46;403.55;424.53;403.41;-51.08;-20.98;21.12
2021-08-03;363.13;415.53;424.78;408.53;-52.41;-9.24;16.25
2021-08-04;355.39;409.11;406.22;407.08;-53.72;2.89;-0.86
2021-08-05;346.34;401.35;386.45;403.77;-55.01;14.89;-17.32
2021-08-06;356.83;413.12;386.85;407.58;-56.28;26.27;-20.74
2021-08-07;381.48;439.03;402.5;411.04;-57.54;36.53;-8.54
2021-08-08;403.54;462.33;417.09;407.01;-58.79;45.24;10.09
2021-08-09;417.93;477.94;425.91;404.8;-60.01;52.02;21.12
2021-08-10;420.56;481.78;425.17;408.93;-61.22;56.6;16.25
2021-08-11;404.42;466.83;408.05;408.91;-62.41;58.78;-0.86
2021-08-12;380.9;444.48;386.01;403.33;-63.58;58.46;-17.32
2021-08-13;373.51;438.24;382.58;403.32;-64.73;55.66;-20.74
2021-08-14;383.57;449.44;398.94;407.48;-65.86;50.5;-8.54
2021-08-15;391.62;458.59;415.41;405.32;-66.98;43.19;10.09
2021-08-16;388.41;456.48;422.44;401.32;-68.07;34.05;21.12
2021-08-17;375.36;444.5;421.04;404.8;-69.14;23.46;16.25
2021-08-18;349.47;419.66;407.79;408.64;-70.2;11.88;-0.86
2021-08-19;316.59;387.82;388.03;405.35;-71.23;-0.21;-17.32
2021-08-20;298.61;370.85;383.14;403.87;-72.24;-12.29;-20.74
2021-08-21;303.35;376.57;400.42;408.96;-73.23;-23.85;-8.54
2021-08-22;311.57;385.77;420.16;410.07;-74.2;-34.39;10.09
2021-08-23;307.69;382.83;426.31;405.19;-75.14;-43.47;21.12
2021-08-24;294.78;370.84;421.55;405.31;-76.07;-50.71;16.25
2021-08-25;275.78;352.75;408.55;409.41;-76.97;-55.8;-0.86
2021-08-26;253.23;331.07;389.58;406.9;-77.85;-58.51;-17.32
2021-08-27;243.78;322.48;381.23;401.96;-78.7;-58.75;-20.74
2021-08-28;259.73;339.27;395.75;404.29;-79.53;-56.48;-8.54
2021-08-29;285.21;365.55;417.38;407.29;-80.34;-51.82;10.09
2021-08-30;298.35;379.48;424.44;403.32;-81.13;-44.96;21.12
2021-08-31;299.4;381.29;417.48;401.23;-81.89;-36.2;16.25
2021-09-01;296.87;379.49;405.38;406.24;-82.62;-25.89;-0.86
2021-09-02;292.81;376.14;390.63;407.94;-83.34;-14.48;-17.32
2021-09-03;296.61;380.63;383.09;403.83;-84.02;-2.46;-20.74
2021-09-04;321.16;405.84;396.18;404.72;-84.69;9.66;-8.54
2021-09-05;356.01;441.33;419.96;409.87;-85.32;21.37;10.09
2021-09-06;375.77;461.71;429.53;408.41;-85.94;32.18;21.12
2021-09-07;375.29;461.81;420.19;403.94;-86.52;41.62;16.25
2021-09-08;367.62;454.7;405.41;406.27;-87.08;49.3;-0.86
2021-09-09;359.06;446.68;391.81;409.12;-87.62;54.88;-17.32
2021-09-10;353.88;442.0;383.88;404.61;-88.13;58.13;-20.74
2021-09-11;363.19;451.8;392.89;401.43;-88.61;58.91;-8.54
2021-09-12;383.56;472.63;415.44;405.35;-89.07;57.19;10.09
2021-09-13;390.98;480.48;427.43;406.31;-89.5;53.05;21.12
2021-09-14;374.54;464.45;417.8;401.55;-89.9;46.65;16.25
2021-09-15;349.1;439.39;401.12;401.97;-90.28;38.27;-0.86
2021-09-16;327.62;418.25;389.99;407.3;-90.63;28.27;-17.32
2021-09-17;311.95;402.9;385.84;406.57;-90.96;17.06;-20.74
2021-09-18;308.22;399.48;394.34;402.88;-91.25;5.14;-8.54
2021-09-19;317.61;409.13;416.14;406.06;-91.52;-7.01;10.09
2021-09-20;320.51;412.27;431.13;410.01;-91.77;-18.86;21.12
2021-09-21;300.74;392.73;422.63;406.39;-91.98;-29.91;16.25
2021-09-22;270.74;362.92;402.6;403.46;-92.17;-39.68;-0.86
2021-09-23;249.85;342.19;389.96;407.28;-92.33;-47.78;-17.32
2021-09-24;240.95;333.42;387.26;407.99;-92.47;-53.84;-20.74
2021-09-25;243.74;336.32;393.94;402.48;-92.58;-57.62;-8.54
2021-09-26;260.2;352.86;411.81;401.73;-92.66;-58.95;10.09
2021-09-27;276.71;369.41;427.2;406.08;-92.71;-57.78;21.12
2021-09-28;274.04;366.78;420.94;404.69;-92.73;-54.16;16.25
2021-09-29;258.56;351.29;399.53;400.39;-92.73;-48.24;-0.86
2021-09-30;253.0;345.7;385.97;403.29;-92.7;-40.27;-17.32
2021-10-01;263.71;356.36;386.94;407.68;-92.64;-30.59;-20.74
2021-10-02;284.16;376.72;396.33;404.87;-92.56;-19.61;-8.54
2021-10-03;312.56;405.0;412.8;402.72;-92.44;-7.8;10.09
2021-10-04;340.63;432.93;428.59;407.47;-92.3;4.34;21.12
2021-10-05;349.69;441.82;425.52;409.27;-92.14;16.3;16.25
2021-10-06;339.2;431.14;403.57;404.43;-91.94;27.57;-0.86
2021-10-07;332.37;424.09;386.42;403.74;-91.72;37.66;-17.32
2021-10-08;341.88;433.35;387.19;407.93;-91.47;46.16;-20.74
2021-10-09;359.1;450.3;397.6;406.14;-91.2;52.7;-8.54
2021-10-10;377.08;467.98;410.98;400.89;-90.89;56.99;10.09
2021-10-11;392.04;482.6;423.73;402.61;-90.56;58.87;21.12
2021-10-12;390.45;480.66;422.41;406.16;-90.21;58.25;16.25
2021-10-13;367.22;457.05;401.89;402.74;-89.82;55.16;-0.86
2021-10-14;343.06;432.47;382.75;400.06;-89.41;49.73;-17.32
2021-10-15;337.24;426.22;384.04;404.78;-88.98;42.18;-20.74
2021-10-16;343.02;431.53;398.69;407.23;-88.52;32.84;-8.54
2021-10-17;347.4;435.43;413.32;403.23;-88.03;22.11;10.09
2021-10-18;347.38;434.9;424.46;403.34;-87.51;10.44;21.12
2021-10-19;336.14;423.11;424.78;408.53;-86.97;-1.67;16.25
2021-10-20;306.78;393.19;406.9;407.76;-86.41;-13.71;-0.86
2021-10-21;274.64;360.45;385.63;402.94;-85.81;-25.17;-17.32
2021-10-22;263.08;348.28;383.84;404.58;-85.2;-35.57;-20.74
2021-10-23;270.35;354.9;399.35;407.89;-84.55;-44.45;-8.54
2021-10-24;278.66;362.54;413.98;403.9;-83.89;-51.44;10.09
2021-10-25;281.79;364.98;421.23;400.12;-83.19;-56.25;21.12
2021-10-26;278.81;361.29;419.96;403.72;-82.48;-58.67;16.25
2021-10-27;264.25;345.99;404.59;405.45;-81.73;-58.61;-0.86
2021-10-28;246.56;327.53;383.58;400.89;-80.97;-56.05;-17.32
2021-10-29;248.57;328.75;379.86;400.6;-80.18;-51.11;-20.74
2021-10-30;274.1;353.47;397.47;406.01;-79.37;-44.01;-8.54
2021-10-31;302.56;381.09;416.12;406.04;-78.53;-35.03;10.09
2021-11-01;320.94;398.61;423.18;402.06;-77.67;-24.57;21.12
2021-11-02;330.93;407.72;420.78;404.54;-76.79;-13.06;16.25
2021-11-03;331.16;407.04;408.04;408.9;-75.88;-1.01;-0.86
2021-11-04;324.6;399.55;388.45;405.77;-74.95;11.1;-17.32
2021-11-05;330.18;404.18;381.45;402.19;-74.0;22.73;-20.74
2021-11-06;357.42;430.45;397.06;405.6;-73.03;33.39;-8.54
2021-11-07;387.7;459.73;417.09;407.0;-72.04;42.64;10.09
2021-11-08;401.86;472.88;422.79;401.68;-71.02;50.08;21.12
2021-11-09;401.85;471.83;416.44;400.19;-69.98;55.39;16.25
2021-11-10;393.19;462.11;403.76;404.62;-68.93;58.35;-0.86
2021-11-11;377.7;445.55;386.72;404.03;-67.85;58.84;-17.32
2021-11-12;368.88;435.63;378.81;399.54;-66.75;56.82;-20.74
2021-11-13;380.01;445.65;393.25;401.79;-65.64;52.39;-8.54
2021-11-14;397.96;462.46;416.72;406.64;-64.5;45.74;10.09
2021-11-15;399.31;462.65;425.51;404.39;-63.34;37.15;21.12
2021-11-16;382.69;444.85;417.88;401.63;-62.17;26.98;16.25
2021-11-17;359.77;420.75;405.09;405.94;-60.98;15.66;-0.86
2021-11-18;334.99;394.76;391.08;408.4;-59.77;3.68;-17.32
2021-11-19;315.98;374.52;382.98;403.71;-58.54;-8.46;-20.74
2021-11-20;316.16;373.45;393.68;402.22;-57.29;-20.24;-8.54
2021-11-21;329.29;385.32;416.47;406.38;-56.03;-31.15;10.09
2021-11-22;330.97;385.71;426.47;405.35;-54.75;-40.75;21.12
2021-11-23;314.08;367.53;416.15;399.9;-53.45;-48.62;16.25
2021-11-24;293.54;345.68;400.1;400.96;-52.14;-54.42;-0.86
2021-11-25;278.91;329.73;387.64;404.96;-50.81;-57.91;-17.32
2021-11-26;273.02;322.5;381.44;402.18;-49.47;-58.94;-20.74
2021-11-27;284.84;332.96;390.44;398.98;-48.12;-57.48;-8.54
2021-11-28;313.07;359.81;413.38;403.29;-46.75;-53.57;10.09
2021-11-29;334.82;380.18;427.56;406.44;-45.36;-47.38;21.12
2021-11-30;335.77;379.73;418.92;402.68;-43.96;-39.19;16.25
2021-12-01;329.26;371.82;401.15;402.0;-42.55;-29.33;-0.86
2021-12-02;330.46;371.58;389.81;407.13;-41.13;-18.23;-17.32
2021-12-03;340.28;379.98;386.32;407.06;-39.69;-6.35;-20.74
2021-12-04;361.03;399.28;393.48;402.02;-38.24;5.8;-8.54
2021-12-05;393.9;430.69;412.99;402.9;-36.79;17.7;10.09
2021-12-06;421.22;456.54;427.69;406.57;-35.32;28.85;21.12
2021-12-07;424.37;458.21;419.43;403.19;-33.84;38.77;16.25
2021-12-08;412.73;445.08;398.02;398.88;-32.35;47.05;-0.86
2021-12-09;407.24;438.09;384.76;402.07;-30.85;53.33;-17.32
2021-12-10;411.8;441.14;383.79;404.53;-29.34;57.35;-20.74
2021-12-11;422.86;450.68;391.74;400.28;-27.82;58.93;-8.54
2021-12-12;441.09;467.38;409.37;399.28;-26.29;58.01;10.09
2021-12-13;455.65;480.41;425.78;404.67;-24.76;54.63;21.12
2021-12-14;447.41;470.63;421.7;405.46;-23.22;48.93;16.25
2021-12-15;419.93;441.6;400.46;401.32;-21.67;41.15;-0.86
2021-12-16;397.22;417.34;385.72;403.03;-20.12;31.62;-17.32
2021-12-17;389.16;407.72;386.97;407.7;-18.56;20.75;-20.74
2021-12-18;388.61;405.6;396.6;405.14;-16.99;9.0;-8.54
2021-12-19;392.52;407.95;411.08;400.99;-15.42;-3.13;10.09
2021-12-20;396.03;409.88;425.01;403.89;-13.85;-15.13;21.12
2021-12-21;383.44;395.7;422.19;405.94;-12.27;-26.49;16.25
2021-12-22;352.66;363.34;400.06;400.92;-10.68;-36.72;-0.86
2021-12-23;326.92;336.02;381.41;398.73;-9.1;-45.39;-17.32
2021-12-24;322.73;330.24;382.38;403.11;-7.51;-52.14;-20.74
2021-12-25;332.21;338.13;394.8;403.34;-5.92;-56.67;-8.54
2021-12-26;345.74;350.06;408.86;398.77;-4.32;-58.8;10.09
2021-12-27;360.29;363.02;421.45;400.33;-2.73;-58.43;21.12
2021-12-28;365.05;366.18;421.76;405.52;-1.14;-55.58;16.25
2021-12-29;353.14;352.68;403.05;403.9;0.46;-50.37;-0.86
2021-12-30;342.34;340.28;383.3;400.62;2.06;-43.02;-17.32
2021-12-31;353.46;349.81;383.66;404.39;3.65;-33.85;-20.74
2022-01-01;380.9;375.66;398.9;407.43;5.24;-23.24;-8.54
2022-01-02;408.31;401.47;413.11;403.03;6.84;-11.64;10.09
2022-01-03;430.76;422.34;421.88;400.76;8.42;0.45;21.12
2022-01-04;443.57;433.56;421.03;404.78;10.01;12.53;16.25
2022-01-05;439.31;427.71;403.65;404.5;11.6;24.07;-0.86
2022-01-06;429.44;416.26;381.67;398.99;13.18;34.59;-17.32
2022-01-07;437.0;422.24;378.61;399.34;14.75;43.64;-20.74
2022-01-08;462.31;445.98;395.14;403.68;16.33;50.84;-8.54
2022-01-09;485.47;467.57;411.7;401.61;17.9;55.88;10.09
2022-01-10;497.09;477.64;419.09;397.98;19.46;58.54;21.12
2022-01-11;497.79;476.77;418.05;401.8;21.01;58.73;16.25
2022-01-12;483.7;461.14;404.73;405.58;22.56;56.41;-0.86
2022-01-13;460.65;436.54;384.84;402.15;24.11;51.71;-17.32
2022-01-14;450.45;424.8;379.99;400.73;25.65;44.81;-20.74
2022-01-15;460.29;433.12;397.12;405.66;27.17;36.0;-8.54
2022-01-16;470.75;442.06;416.39;406.3;28.7;25.67;10.09
2022-01-17;466.72;436.51;422.27;401.15;30.21;14.25;21.12
2022-01-18;451.43;419.72;417.5;401.25;31.71;2.22;16.25
2022-01-19;427.62;394.42;404.32;405.17;33.21;-9.9;-0.86
2022-01-20;398.24;363.55;385.15;402.47;34.69;-21.6;-17.32
2022-01-21;380.78;344.62;377.0;397.74;36.17;-32.38;-20.74
2022-01-22;387.72;350.09;391.88;400.42;37.63;-41.79;-8.54
2022-01-23;403.27;364.19;413.62;403.53;39.08;-49.43;10.09
2022-01-24;406.39;365.87;420.83;399.72;40.52;-54.96;21.12
2022-01-25;398.07;356.12;414.29;398.04;41.95;-58.17;16.25
2022-01-26;386.88;343.51;402.41;403.27;43.37;-58.9;-0.86
2022-01-27;375.14;330.37;387.51;404.82;44.77;-57.13;-17.32
2022-01-28;373.11;326.95;379.89;400.63;46.16;-52.94;-20.74
2022-01-29;394.06;346.52;393.02;401.56;47.54;-46.5;-8.54
2022-01-30;427.32;378.42;416.5;406.42;48.9;-38.09;10.09
2022-01-31;447.8;397.55;425.61;404.49;50.25;-28.05;21.12
2022-02-01;450.86;399.28;416.11;399.87;51.58;-16.83;16.25
2022-02-02;449.32;396.42;401.32;402.18;52.9;-4.89;-0.86
2022-02-03;448.94;394.74;387.49;404.8;54.2;7.25;-17.32
2022-02-04;454.04;398.55;379.46;400.2;55.49;19.09;-20.74
2022-02-05;475.68;418.92;388.8;397.34;56.76;30.11;-8.54
2022-02-06;509.52;451.51;411.65;401.56;58.01;39.86;10.09
2022-02-07;530.88;471.63;423.71;402.6;59.25;47.92;21.12
2022-02-08;528.73;468.26;414.32;398.08;60.47;53.94;16.25
2022-02-09;517.39;455.72;398.05;398.91;61.67;57.67;-0.86
2022-02-10;508.81;445.96;387.0;404.32;62.85;58.95;-17.32
2022-02-11;504.41;440.4;382.66;403.4;64.01;57.73;-20.74
2022-02-12;510.37;445.21;391.15;399.68;65.16;54.06;-8.54
2022-02-13;527.29;461.01;412.91;402.83;66.28;48.1;10.09
2022-02-14;534.98;467.59;427.5;406.39;67.39;40.09;21.12
2022-02-15;517.45;448.98;418.6;402.36;68.47;30.38;16.25
2022-02-16;487.43;417.89;398.51;399.37;69.54;19.38;-0.86
2022-02-17;463.95;393.37;385.81;403.13;70.58;7.56;-17.32
2022-02-18;449.89;378.28;382.87;403.61;71.61;-4.59;-20.74
2022-02-19;445.68;373.06;389.6;398.14;72.61;-16.54;-8.54
2022-02-20;453.67;380.08;407.86;397.77;73.59;-27.78;10.09
2022-02-21;460.17;385.61;423.46;402.35;74.55;-37.85;21.12
2022-02-22;446.46;370.97;417.28;401.03;75.49;-46.31;16.25
2022-02-23;419.8;343.4;396.2;397.06;76.41;-52.8;-0.86
2022-02-24;403.23;325.94;382.99;400.31;77.3;-57.06;-17.32
2022-02-25;403.19;325.02;383.91;404.64;78.17;-58.89;-20.74
2022-02-26;413.91;334.89;393.11;401.65;79.02;-58.22;-8.54
2022-02-27;434.37;354.53;409.61;399.52;79.84;-55.07;10.09
2022-02-28;456.3;375.66;425.25;404.13;80.64;-49.59;21.12
2022-03-01;461.12;379.71;421.72;405.47;81.41;-42.01;16.25
2022-03-02;449.0;366.83;399.48;400.33;82.17;-32.64;-0.86
2022-03-03;443.34;360.44;382.33;399.65;82.89;-21.89;-17.32
2022-03-04;456.36;372.77;382.97;403.71;83.6;-10.2;-20.74
2022-03-05;479.38;395.1;393.19;401.73;84.27;1.91;-8.54
2022-03-06;505.64;420.71;406.76;396.67;84.93;13.95;10.09
2022-03-07;530.85;445.29;419.9;398.78;85.56;25.39;21.12
2022-03-08;540.63;454.47;418.71;402.47;86.16;35.76;16.25
2022-03-09;529.66;442.92;398.32;399.17;86.74;44.61;-0.86
2022-03-10;518.41;431.13;379.57;396.88;87.29;51.56;-17.32
2022-03-11;525.24;437.42;381.1;401.84;87.81;56.32;-20.74
2022-03-12;542.59;454.28;395.58;404.12;88.31;58.7;-8.54
2022-03-13;557.45;468.66;410.08;399.99;88.79;58.58;10.09
2022-03-14;566.45;477.21;421.24;400.12;89.23;55.97;21.12
2022-03-15;561.95;472.29;421.3;405.05;89.65;50.99;16.25
2022-03-16;536.84;446.79;402.94;403.8;90.05;43.84;-0.86
2022-03-17;506.75;416.33;381.5;398.81;90.42;34.84;-17.32
2022-03-18;494.83;404.07;379.72;400.46;90.76;24.35;-20.74
2022-03-19;498.95;407.88;395.05;403.59;91.07;12.83;-8.54
2022-03-20;501.71;410.35;409.59;399.5;91.36;0.76;10.09
2022-03-21;497.44;405.82;417.15;396.04;91.62;-11.34;21.12
2022-03-22;485.13;393.27;416.23;399.98;91.85;-22.95;16.25
2022-03-23;459.4;367.34;400.94;401.8;92.06;-33.59;-0.86
2022-03-24;429.55;337.31;380.13;397.44;92.24;-42.81;-17.32
2022-03-25;418.99;326.6;376.81;397.54;92.39;-50.21;-20.74
2022-03-26;431.55;339.04;394.52;403.06;92.51;-55.48;-8.54
2022-03-27;447.17;354.56;412.95;402.86;92.61;-58.39;10.09
2022-03-28;453.8;361.12;419.94;398.82;92.68;-58.82;21.12
2022-03-29;453.47;360.75;417.51;401.26;92.72;-56.76;16.25
2022-03-30;444.84;352.11;404.39;405.25;92.73;-52.28;-0.86
2022-03-31;431.51;338.79;384.38;401.69;92.72;-45.59;-17.32
2022-04-01;433.04;340.36;377.31;398.05;92.68;-36.96;-20.74
2022-04-02;458.75;366.14;392.9;401.44;92.61;-26.76;-8.54
2022-04-03;489.82;397.3;412.73;402.64;92.52;-15.43;10.09
2022-04-04;507.42;415.03;418.47;397.35;92.39;-3.44;21.12
2022-04-05;513.45;421.21;412.51;396.26;92.24;8.7;16.25
2022-04-06;512.62;420.55;400.09;400.95;92.07;20.46;-0.86
2022-04-07;506.34;414.47;383.11;400.43;91.86;31.36;-17.32
2022-04-08;508.05;416.42;375.49;396.23;91.63;40.93;-20.74
2022-04-09;530.42;439.05;390.29;398.83;91.37;48.75;-8.54
2022-04-10;559.31;468.22;413.71;403.62;91.09;54.51;10.09
2022-04-11;571.0;480.23;422.27;401.15;90.77;57.96;21.12
2022-04-12;564.0;473.57;414.63;398.38;90.43;58.94;16.25
2022-04-13;549.2;459.13;401.71;402.57;90.07;57.42;-0.86
2022-04-14;530.39;440.72;387.25;404.57;89.67;53.46;-17.32
2022-04-15;515.32;426.07;378.83;399.56;89.25;47.24;-20.74
2022-04-16;517.36;428.55;389.55;398.09;88.81;39.01;-8.54
2022-04-17;529.71;441.37;412.26;402.17;88.34;29.12;10.09
2022-04-18;527.9;440.07;422.07;400.95;87.84;17.99;21.12
2022-04-19;505.36;418.04;411.94;395.69;87.31;6.11;16.25
2022-04-20;477.02;390.26;396.3;397.16;86.76;-6.04;-0.86
2022-04-21;452.27;366.08;384.01;401.33;86.19;-17.93;-17.32
2022-04-22;434.44;348.85;377.91;398.65;85.58;-29.06;-20.74
2022-04-23;433.27;348.31;387.27;395.81;84.96;-38.96;-8.54
2022-04-24;447.56;363.26;410.46;400.37;84.31;-47.2;10.09
2022-04-25;454.66;371.03;424.47;403.35;83.63;-53.44;21.12
2022-04-26;441.17;358.24;415.65;399.4;82.93;-57.41;16.25
2022-04-27;421.14;338.94;397.87;398.73;82.2;-58.94;-0.86
2022-04-28;409.78;328.33;386.3;403.62;81.45;-57.97;-17.32
2022-04-29;408.48;327.8;382.34;403.07;80.68;-54.54;-20.74
2022-04-30;420.38;340.5;389.29;397.83;79.88;-48.79;-8.54
2022-05-01;446.93;367.87;408.85;398.76;79.06;-40.97;10.09
2022-05-02;470.2;391.99;423.41;402.29;78.21;-31.41;21.12
2022-05-03;471.87;394.53;415.05;398.81;77.34;-20.52;16.25
2022-05-04;461.65;385.2;393.96;394.82;76.45;-8.76;-0.86
2022-05-05;459.97;384.44;381.07;398.38;75.54;3.37;-17.32
2022-05-06;470.16;395.56;380.2;400.93;74.6;15.36;-20.74
2022-05-07;488.66;415.02;388.32;396.86;73.64;26.7;-8.54
2022-05-08;515.89;443.23;406.32;396.24;72.66;36.91;10.09
2022-05-09;540.05;468.4;422.85;401.73;71.66;45.55;21.12
2022-05-10;541.41;470.78;418.53;402.28;70.63;52.25;16.25
2022-05-11;523.49;453.9;397.16;398.02;69.59;56.74;-0.86
2022-05-12;509.74;441.21;382.39;399.71;68.53;58.82;-17.32
2022-05-13;509.13;441.69;383.29;404.03;67.44;58.4;-20.74
2022-05-14;514.32;447.98;392.49;401.03;66.34;55.5;-8.54
2022-05-15;522.34;457.13;406.89;396.8;65.21;50.24;10.09
2022-05-16;527.77;463.7;420.85;399.73;64.07;42.85;21.12
2022-05-17;514.41;451.5;417.86;401.61;62.9;33.65;16.25
2022-05-18;480.49;418.76;395.75;396.61;61.72;23.01;-0.86
2022-05-19;449.43;388.9;377.5;394.82;60.52;11.4;-17.32
2022-05-20;437.37;378.06;378.76;399.5;59.31;-0.7;-20.74
2022-05-21;436.56;378.48;391.25;399.79;58.07;-12.77;-8.54
2022-05-22;438.09;381.27;405.56;395.47;56.82;-24.29;10.09
2022-05-23;439.26;383.71;418.49;397.38;55.55;-34.78;21.12
2022-05-24;429.23;374.97;418.77;402.52;54.26;-43.8;16.25
2022-05-25;401.8;348.84;399.79;400.65;52.96;-50.96;-0.86
2022-05-26;375.69;324.05;380.0;397.31;51.65;-55.95;-17.32
2022-05-27;371.99;321.67;380.24;400.98;50.31;-58.57;-20.74
2022-05-28;385.31;336.34;395.04;403.58;48.97;-58.7;-8.54
2022-05-29;400.18;352.57;408.92;398.83;47.6;-56.34;10.09
2022-05-30;412.34;366.11;417.71;396.59;46.23;-51.59;21.12
2022-05-31;417.01;372.18;416.82;400.58;44.84;-44.65;16.25
2022-06-01;406.91;363.47;399.28;400.14;43.44;-35.81;-0.86
2022-06-02;394.04;352.02;377.47;394.79;42.02;-25.45;-17.32
2022-06-03;401.42;360.83;374.84;395.58;40.59;-14.01;-20.74
2022-06-04;428.75;389.6;391.58;400.12;39.15;-1.98;-8.54
2022-06-05;456.05;418.35;408.21;398.13;37.7;10.14;10.09
2022-06-06;473.99;437.75;415.93;394.81;36.24;21.83;21.12
2022-06-07;482.49;447.72;415.14;398.89;34.76;32.59;16.25
2022-06-08;476.89;443.61;401.65;402.5;33.28;41.96;-0.86
2022-06-09;462.88;431.09;381.53;398.85;31.78;49.56;-17.32
2022-06-10;462.0;431.72;376.67;397.4;30.28;55.05;-20.74
2022-06-11;480.55;451.78;393.58;402.12;28.77;58.21;-8.54
2022-06-12;498.51;471.26;412.37;402.29;27.25;58.89;10.09
2022-06-13;500.82;475.11;418.03;396.92;25.72;57.07;21.12
2022-06-14;490.35;466.17;413.33;397.09;24.18;52.83;16.25
2022-06-15;469.05;446.41;400.06;400.92;22.64;46.35;-0.86
2022-06-16;439.79;418.7;380.8;398.11;21.09;37.9;-17.32
2022-06-17;420.32;400.79;372.95;393.68;19.53;27.84;-20.74
2022-06-18;422.81;404.84;388.24;396.78;17.97;16.6;-8.54
2022-06-19;431.15;414.74;410.09;400.0;16.4;4.65;10.09
2022-06-20;424.77;409.94;417.44;396.32;14.83;-7.49;21.12
2022-06-21;405.18;391.93;411.25;395.0;13.25;-19.32;16.25
2022-06-22;380.84;369.17;399.49;400.35;11.67;-30.32;-0.86
2022-06-23;354.38;344.29;384.33;401.65;10.09;-40.04;-17.32
2022-06-24;336.99;328.49;376.55;397.29;8.5;-48.06;-20.74
2022-06-25;342.52;335.61;389.64;398.18;6.91;-54.04;-8.54
2022-06-26;360.4;355.08;412.8;402.72;5.32;-57.72;10.09
2022-06-27;366.23;362.5;421.46;400.34;3.73;-58.95;21.12
2022-06-28;356.32;354.19;411.88;395.63;2.13;-57.68;16.25
2022-06-29;343.72;343.18;397.15;398.0;0.54;-53.97;-0.86
2022-06-30;334.17;335.23;383.19;400.5;-1.06;-47.96;-17.32
2022-07-01;332.61;335.26;375.17;395.91;-2.65;-39.91;-20.74
2022-07-02;350.5;354.74;384.91;393.45;-4.25;-30.17;-8.54
2022-07-03;383.1;388.94;408.09;398.01;-5.84;-19.15;10.09
2022-07-04;405.48;412.91;420.22;399.1;-7.43;-7.31;21.12
2022-07-05;406.85;415.87;411.04;394.79;-9.02;4.83;16.25
2022-07-06;401.27;411.87;395.1;395.96;-10.61;16.77;-0.86
2022-07-07;399.83;412.02;384.03;401.34;-12.19;28.0;-17.32
2022-07-08;403.66;417.43;379.4;400.13;-13.77;38.04;-20.74
2022-07-09;418.9;434.24;387.78;396.32;-15.34;46.46;-8.54
2022-07-10;445.45;462.37;409.46;399.37;-16.92;52.91;10.09
2022-07-11;462.27;480.75;423.63;402.51;-18.48;57.12;21.12
2022-07-12;453.22;473.26;414.37;398.12;-20.04;58.9;16.25
2022-07-13;430.88;452.48;394.3;395.16;-21.6;58.18;-0.86
2022-07-14;413.46;436.61;381.62;398.94;-23.14;54.99;-17.32
2022-07-15;403.32;428.0;378.54;399.28;-24.69;49.46;-20.74
2022-07-16;401.04;427.26;385.42;393.96;-26.22;41.84;-8.54
2022-07-17;408.82;436.56;404.13;394.04;-27.75;32.44;10.09
2022-07-18;412.36;441.62;419.96;398.85;-29.26;21.66;21.12
2022-07-19;393.03;423.8;413.84;397.59;-30.77;9.96;16.25
2022-07-20;358.61;390.88;393.04;393.9;-32.27;-2.16;-0.86
2022-07-21;332.14;365.9;380.09;397.4;-33.76;-14.19;-17.32
2022-07-22;319.98;355.22;380.84;401.57;-35.25;-25.61;-20.74
2022-07-23;317.1;353.82;389.77;398.31;-36.72;-35.95;-8.54
2022-07-24;323.28;361.45;406.22;396.13;-38.17;-44.77;10.09
2022-07-25;330.38;370.0;421.68;400.56;-39.62;-51.68;21.12
2022-07-26;320.23;361.29;417.68;401.43;-41.06;-56.4;16.25
2022-07-27;294.0;336.48;395.2;396.06;-42.48;-58.72;-0.86
2022-07-28;275.69;319.59;378.14;395.45;-43.9;-58.55;-17.32
2022-07-29;277.55;322.85;378.74;399.48;-45.29;-55.9;-20.74
2022-07-30;291.32;338.0;388.87;397.41;-46.68;-50.87;-8.54
2022-07-31;310.99;359.04;402.72;392.64;-48.05;-43.68;10.09
2022-08-01;332.25;381.66;416.3;395.18;-49.41;-34.64;21.12
2022-08-02;340.37;391.12;415.25;399.0;-50.75;-24.13;16.25
2022-08-03;330.28;382.36;394.95;395.81;-52.08;-12.59;-0.86
2022-08-04;322.61;376.0;376.52;393.84;-53.39;-0.52;-17.32
2022-08-05;335.08;389.76;378.19;398.92;-54.69;11.57;-20.74
2022-08-06;359.61;415.58;392.4;400.94;-55.97;23.18;-8.54
2022-08-07;383.25;440.48;406.69;396.6;-57.23;33.79;10.09
2022-08-08;402.31;460.78;417.81;396.69;-58.48;42.98;21.12
2022-08-09;408.2;467.91;417.57;401.33;-59.71;50.34;16.25
2022-08-10;393.41;454.33;398.77;399.63;-60.92;55.56;-0.86
2022-08-11;373.53;435.64;377.22;394.54;-62.11;58.42;-17.32
2022-08-12;371.06;434.35;375.55;396.28;-63.29;58.8;-20.74
2022-08-13;383.03;447.47;390.78;399.32;-64.44;56.69;-8.54
2022-08-14;391.91;457.49;405.32;395.24;-65.58;52.17;10.09
2022-08-15;392.02;458.72;413.29;392.17;-66.7;45.43;21.12
2022-08-16;381.7;449.49;412.73;396.48;-67.8;36.77;16.25
2022-08-17;355.17;424.05;397.51;398.36;-68.88;26.54;-0.86
2022-08-18;322.11;392.05;376.85;394.17;-69.93;15.19;-17.32
2022-08-19;306.08;377.05;373.86;394.59;-70.97;3.19;-20.74
2022-08-20;310.62;382.61;391.55;400.09;-71.99;-8.94;-8.54
2022-08-21;315.99;388.97;409.66;399.58;-72.98;-20.69;10.09
2022-08-22;310.99;384.95;416.51;395.4;-73.96;-31.57;21.12
2022-08-23;298.0;372.9;414.01;397.76;-74.91;-41.1;16.25
2022-08-24;275.77;351.61;400.5;401.36;-75.84;-48.89;-0.86
2022-08-25;248.76;325.5;380.11;397.42;-76.74;-54.6;-17.32
2022-08-26;237.43;315.06;373.06;393.8;-77.63;-58.0;-20.74
2022-08-27;251.3;329.79;388.72;397.26;-78.49;-58.93;-8.54
2022-08-28;271.75;351.07;408.44;398.35;-79.33;-57.37;10.09
2022-08-29;280.81;360.95;414.31;393.19;-80.14;-53.36;21.12
2022-08-30;280.78;361.71;408.8;392.56;-80.93;-47.09;16.25
2022-08-31;276.13;357.83;396.65;397.51;-81.7;-38.82;-0.86
2022-09-01;268.37;350.81;379.72;397.03;-82.44;-28.91;-17.32
2022-09-02;271.41;354.57;372.33;393.07;-83.16;-17.76;-20.74
2022-09-03;297.67;381.52;387.39;395.93;-83.85;-5.86;-8.54
2022-09-04;332.41;416.93;410.64;400.56;-84.52;6.28;10.09
2022-09-05;351.9;437.06;418.9;397.78;-85.17;18.16;21.12
2022-09-06;354.66;440.45;411.17;394.93;-85.78;29.27;16.25
2022-09-07;350.86;437.24;398.1;398.96;-86.38;39.14;-0.86
2022-09-08;343.59;430.54;383.19;400.51;-86.95;47.35;-17.32
2022-09-09;340.57;428.05;374.51;395.25;-87.49;53.54;-20.74
2022-09-10;354.79;442.79;385.33;393.87;-88.0;57.46;-8.54
2022-09-11;378.51;467.0;408.05;397.97;-88.49;58.94;10.09
2022-09-12;386.76;475.71;417.79;396.67;-88.96;57.92;21.12
2022-09-13;372.97;462.37;407.92;391.68;-89.39;54.44;16.25
2022-09-14;351.59;441.4;392.74;393.6;-89.81;48.65;-0.86
2022-09-15;331.22;421.41;380.61;397.93;-90.19;40.8;-17.32
2022-09-16;315.24;405.79;374.58;395.31;-90.55;31.21;-20.74
2022-09-17;313.63;404.51;384.21;392.75;-90.88;20.3;-8.54
2022-09-18;324.89;416.07;407.55;397.46;-91.18;8.52;10.09
2022-09-19;326.21;417.67;421.29;400.17;-91.46;-3.62;21.12
2022-09-20;304.9;396.61;412.21;395.96;-91.71;-15.6;16.25
2022-09-21;275.53;367.46;394.38;395.24;-91.93;-26.92;-0.86
2022-09-22;253.32;345.45;382.55;399.86;-92.13;-37.1;-17.32
2022-09-23;240.14;332.44;378.14;398.87;-92.3;-45.7;-20.74
2022-09-24;240.17;332.61;384.97;393.51;-92.44;-52.36;-8.54
2022-09-25;255.3;347.86;404.66;394.57;-92.55;-56.8;10.09
2022-09-26;267.71;360.35;419.18;398.06;-92.64;-58.83;21.12
2022-09-27;259.76;352.46;410.82;394.58;-92.7;-58.36;16.25
2022-09-28;241.97;334.7;390.11;390.97;-92.73;-55.41;-0.86
2022-09-29;234.77;327.5;377.62;394.93;-92.73;-50.11;-17.32
2022-09-30;241.43;334.14;376.83;397.56;-92.71;-42.69;-20.74
2022-10-01;258.96;351.62;385.06;393.6;-92.66;-33.45;-8.54
2022-10-02;287.99;380.58;403.36;393.28;-92.58;-22.79;10.09
2022-10-03;316.25;408.72;419.88;398.77;-92.47;-11.16;21.12
2022-10-04;323.83;416.17;415.23;398.98;-92.34;0.94;16.25
2022-10-05;314.5;406.68;393.68;394.54;-92.18;13.0;-0.86
2022-10-06;311.36;403.35;378.84;396.15;-91.99;24.51;-17.32
2022-10-07;322.58;414.36;379.38;400.11;-91.78;34.98;-20.74
2022-10-08;340.61;432.15;388.19;396.73;-91.54;43.96;-8.54
2022-10-09;362.41;453.68;402.6;392.51;-91.27;51.08;10.09
2022-10-10;381.73;472.7;416.67;395.56;-90.97;56.03;21.12
2022-10-11;381.56;472.21;413.61;397.36;-90.65;58.6;16.25
2022-10-12;360.0;450.3;391.62;392.48;-90.3;58.68;-0.86
2022-10-13;340.17;430.1;373.83;391.14;-89.92;56.27;-17.32
2022-10-14;337.34;426.86;375.39;396.12;-89.52;51.47;-20.74
2022-10-15;343.3;432.39;387.9;396.44;-89.09;44.49;-8.54
2022-10-16;349.38;438.02;402.4;392.31;-88.63;35.62;10.09
2022-10-17;352.66;440.81;415.58;394.46;-88.15;25.23;21.12
2022-10-18;341.84;429.48;415.71;399.46;-87.64;13.78;16.25
2022-10-19;311.01;398.12;396.39;397.25;-87.11;1.74;-0.86
2022-10-20;279.55;366.1;376.48;393.8;-86.55;-10.38;-17.32
2022-10-21;268.58;354.54;376.59;397.33;-85.96;-22.05;-20.74
2022-10-22;272.83;358.18;390.97;399.51;-85.35;-32.79;-8.54
2022-10-23;277.71;362.43;404.57;394.48;-84.72;-42.14;10.09
2022-10-24;279.72;363.77;413.47;392.35;-84.06;-49.69;21.12
2022-10-25;274.14;357.51;412.65;396.4;-83.37;-55.14;16.25
2022-10-26;254.14;336.8;395.04;395.9;-82.66;-58.24;-0.86
2022-10-27;232.68;314.6;373.48;390.8;-81.92;-58.88;-17.32
2022-10-28;233.14;314.31;371.32;392.05;-81.16;-57.01;-20.74
2022-10-29;255.14;335.52;388.24;396.78;-80.38;-52.72;-8.54
2022-10-30;279.14;358.71;404.91;394.82;-79.57;-46.2;10.09
2022-10-31;296.41;375.16;412.87;391.75;-78.74;-37.71;21.12
2022-11-01;306.71;384.6;412.22;395.98;-77.89;-27.62;16.25
2022-11-02;305.08;382.09;398.46;399.32;-77.01;-16.36;-0.86
2022-11-03;297.52;373.63;378.04;395.36;-76.11;-4.41;-17.32
2022-11-04;305.66;380.84;373.11;393.85;-75.19;7.73;-20.74
2022-11-05;335.1;409.34;389.79;398.33;-74.24;19.55;-8.54
2022-11-06;365.41;438.69;408.15;398.07;-73.27;30.53;10.09
2022-11-07;381.61;453.9;413.68;392.56;-72.29;40.22;21.12
2022-11-08;386.06;457.34;409.14;392.89;-71.28;48.2;16.25
2022-11-09;379.76;450.01;395.87;396.73;-70.25;54.13;-0.86
2022-11-10;365.18;434.38;376.61;393.92;-69.19;57.77;-17.32
2022-11-11;359.96;428.08;369.12;389.86;-68.12;58.95;-20.74
2022-11-12;375.44;442.47;384.83;393.37;-67.03;57.63;-8.54
2022-11-13;394.73;460.64;406.77;396.69;-65.92;53.87;10.09
2022-11-14;397.22;462.01;414.19;393.08;-64.78;47.81;21.12
2022-11-15;384.37;448.0;408.27;392.02;-63.63;39.73;16.25
2022-11-16;364.02;426.49;396.53;397.39;-62.46;29.96;-0.86
2022-11-17;338.65;399.93;381.01;398.33;-61.28;18.92;-17.32
2022-11-18;320.01;380.08;373.01;393.74;-60.07;7.07;-20.74
2022-11-19;322.11;380.96;386.03;394.57;-58.85;-5.07;-8.54
2022-11-20;334.26;391.87;408.87;398.78;-57.6;-17.0;10.09
2022-11-21;332.58;388.92;417.14;396.02;-56.35;-28.21;21.12
2022-11-22;314.27;369.34;407.56;391.31;-55.07;-38.22;16.25
2022-11-23;292.6;346.38;392.99;393.84;-53.78;-46.61;-0.86
2022-11-24;273.5;325.97;378.99;396.3;-52.47;-53.02;-17.32
2022-11-25;262.75;313.9;371.07;391.81;-51.15;-57.18;-20.74
2022-11-26;272.55;322.36;381.26;389.8;-49.81;-58.91;-8.54
2022-11-27;298.17;346.63;404.77;394.68;-48.46;-58.14;10.09
2022-11-28;314.93;362.02;416.92;395.8;-47.09;-54.9;21.12
2022-11-29;312.84;358.55;407.88;391.63;-45.71;-49.33;16.25
2022-11-30;306.2;350.51;392.18;393.03;-44.31;-41.67;-0.86
2022-12-01;305.82;348.73;380.96;398.28;-42.91;-32.23;-17.32
2022-12-02;313.04;354.52;375.96;396.69;-41.49;-21.43;-20.74
2022-12-03;334.42;374.47;384.2;392.74;-40.05;-9.72;-8.54
2022-12-04;369.56;408.16;405.76;395.68;-38.61;2.4;10.09
2022-12-05;396.81;433.96;419.54;398.42;-37.15;14.42;21.12
2022-12-06;400.14;435.82;409.99;393.74;-35.68;25.83;16.25
2022-12-07;391.97;426.18;390.04;390.89;-34.21;36.14;-0.86
2022-12-08;389.68;422.4;377.47;394.79;-32.72;44.92;-17.32
2022-12-09;394.92;426.14;374.35;395.08;-31.22;51.79;-20.74
2022-12-10;408.2;437.92;381.45;389.99;-29.71;56.47;-8.54
2022-12-11;431.18;459.38;400.64;390.55;-28.2;58.74;10.09
2022-12-12;448.53;475.21;416.69;395.57;-26.68;58.52;21.12
2022-12-13;441.24;466.38;410.56;394.32;-25.14;55.82;16.25
2022-12-14;417.11;440.71;389.97;390.83;-23.6;50.74;-0.86
2022-12-15;398.62;420.68;377.17;394.48;-22.06;43.52;-17.32
2022-12-16;391.58;412.09;377.64;398.38;-20.51;34.44;-20.74
2022-12-17;391.19;410.14;386.24;394.78;-18.95;23.9;-8.54
2022-12-18;397.57;414.95;402.6;392.51;-17.38;12.35;10.09
2022-12-19;402.33;418.14;417.86;396.75;-15.81;0.28;21.12
2022-12-20;387.4;401.64;413.45;397.2;-14.24;-11.81;16.25
2022-12-21;354.75;367.41;390.81;391.67;-12.66;-23.4;-0.86
2022-12-22;328.86;339.94;373.94;391.25;-11.08;-33.99;-17.32
2022-12-23;321.96;331.45;374.6;395.33;-9.49;-43.14;-20.74
2022-12-24;326.35;334.26;384.72;393.26;-7.91;-50.46;-8.54
2022-12-25;336.97;343.28;398.92;388.84;-6.31;-55.64;10.09
2022-12-26;349.76;354.48;412.94;391.82;-4.72;-58.45;21.12
2022-12-27;350.08;353.2;411.99;395.74;-3.13;-58.79;16.25
2022-12-28;333.57;335.1;391.72;392.58;-1.53;-56.62;-0.86
2022-12-29;321.53;321.47;373.53;390.84;0.06;-52.05;-17.32
2022-12-30;331.6;329.94;375.22;395.95;1.66;-45.28;-20.74
2022-12-31;355.74;352.49;389.07;397.61;3.25;-36.58;-8.54
2023-01-01;381.61;376.76;403.09;393.0;4.84;-26.33;10.09
2023-01-02;405.62;399.18;414.14;393.02;6.44;-14.96;21.12
2023-01-03;418.7;410.67;413.62;397.37;8.03;-2.95;16.25
2023-01-04;413.22;403.61;394.43;395.29;9.62;9.18;-0.86
2023-01-05;404.99;393.79;372.87;390.19;11.2;20.92;-17.32
2023-01-06;415.95;403.17;371.4;392.13;12.78;31.77;-20.74
2023-01-07;442.27;427.91;386.63;395.17;14.36;41.28;-8.54
2023-01-08;466.22;450.28;401.26;391.17;15.93;49.03;10.09
2023-01-09;481.86;464.36;409.66;388.54;17.5;54.7;21.12
2023-01-10;486.57;467.5;409.45;393.21;19.07;58.04;16.25
2023-01-11;473.81;453.18;394.25;395.11;20.63;58.93;-0.86
2023-01-12;453.18;431.0;373.69;391.01;22.18;57.31;-17.32
2023-01-13;447.89;424.17;370.91;391.64;23.72;53.26;-20.74
2023-01-14;460.69;435.42;388.48;397.02;25.26;46.94;-8.54
2023-01-15;471.63;444.84;406.2;396.11;26.79;38.64;10.09
2023-01-16;469.87;441.56;412.86;391.75;28.32;28.69;21.12
2023-01-17;457.62;427.79;410.26;394.02;29.83;17.53;16.25
2023-01-18;433.35;402.02;396.4;397.25;31.34;5.62;-0.86
2023-01-19;402.01;369.18;375.71;393.02;32.83;-6.53;-17.32
2023-01-20;384.7;350.38;368.78;389.51;34.32;-18.4;-20.74
2023-01-21;390.92;355.12;384.6;393.14;35.8;-29.48;-8.54
2023-01-22;402.24;364.98;404.3;394.21;37.26;-39.32;10.09
2023-01-23;401.6;362.88;410.37;389.25;38.72;-47.49;21.12
2023-01-24;391.87;351.7;405.35;389.1;40.16;-53.64;16.25
2023-01-25;377.51;335.92;393.43;394.29;41.59;-57.52;-0.86
2023-01-26;360.54;317.53;376.48;393.79;43.01;-58.95;-17.32
2023-01-27;355.79;311.37;369.25;389.98;44.42;-57.88;-20.74
2023-01-28;375.91;330.1;384.45;392.99;45.81;-54.35;-8.54
2023-01-29;406.12;358.93;407.44;397.36;47.2;-48.52;10.09
2023-01-30;423.26;374.7;415.32;394.2;48.56;-40.62;21.12
2023-01-31;426.4;376.49;407.49;391.24;49.91;-31.0;16.25
2023-02-01;425.44;374.19;394.26;395.11;51.25;-20.07;-0.86
2023-02-02;423.24;370.67;378.95;396.27;52.57;-8.28;-17.32
2023-02-03;427.84;373.96;370.1;390.84;53.88;3.86;-20.74
2023-02-04;452.13;396.96;381.12;389.66;55.17;15.83;-8.54
2023-02-05;487.53;431.09;403.95;393.87;56.44;27.14;10.09
2023-02-06;508.68;450.98;413.69;392.57;57.7;37.29;21.12
2023-02-07;508.94;450.0;404.15;387.9;58.94;45.85;16.25
2023-02-08;502.06;441.9;389.42;390.28;60.16;52.48;-0.86
2023-02-09;495.64;434.28;377.41;394.72;61.37;56.87;-17.32
2023-02-10;492.77;430.21;371.36;392.1;62.55;58.85;-20.74
2023-02-11;503.25;439.52;381.2;389.74;63.72;58.33;-8.54
2023-02-12;524.77;459.9;404.56;394.48;64.87;55.33;10.09
2023-02-13;533.92;467.92;417.94;396.82;66.0;49.99;21.12
2023-02-14;518.18;451.07;408.55;392.31;67.11;42.52;16.25
2023-02-15;492.1;423.9;390.65;391.51;68.2;33.25;-0.86
2023-02-16;470.41;401.14;378.57;395.89;69.28;22.56;-17.32
2023-02-17;455.03;384.71;373.79;394.52;70.33;10.92;-20.74
2023-02-18;450.77;379.42;380.6;389.14;71.35;-1.18;-8.54
2023-02-19;459.64;387.28;400.52;390.43;72.36;-13.24;10.09
2023-02-20;463.7;390.35;415.08;393.97;73.35;-24.73;21.12
2023-02-21;445.94;371.62;406.8;390.55;74.32;-35.18;16.25
2023-02-22;417.64;342.38;386.51;387.37;75.26;-44.13;-0.86
2023-02-23;399.37;323.19;374.39;391.71;76.18;-51.2;-17.32
2023-02-24;394.59;317.51;373.62;394.35;77.08;-56.1;-20.74
2023-02-25;401.23;323.27;381.9;390.44;77.95;-58.62;-8.54
2023-02-26;420.54;341.74;400.39;390.31;78.81;-58.66;10.09
2023-02-27;440.24;360.61;416.8;395.69;79.63;-56.2;21.12
2023-02-28;440.82;360.38;411.73;395.48;80.44;-51.35;16.25
2023-03-01;426.86;345.64;389.97;390.83;81.22;-44.33;-0.86
2023-03-02;421.61;339.63;375.05;392.37;81.98;-35.42;-17.32
2023-03-03;432.97;350.25;375.26;396.0;82.71;-25.01;-20.74
2023-03-04;453.65;370.23;383.77;392.31;83.42;-13.54;-8.54
2023-03-05;480.91;396.81;398.3;388.21;84.11;-1.49;10.09
2023-03-06;507.97;423.2;412.58;391.47;84.77;10.62;21.12
2023-03-07;517.2;431.8;409.53;393.28;85.4;22.28;16.25
2023-03-08;506.72;420.71;387.71;388.57;86.01;32.99;-0.86
2023-03-09;499.29;412.7;370.39;387.71;86.59;42.31;-17.32
2023-03-10;509.19;422.04;372.21;392.95;87.15;49.82;-20.74
2023-03-11;527.6;439.92;384.7;393.24;87.68;55.22;-8.54
2023-03-12;545.77;457.58;399.3;389.21;88.19;58.28;10.09
2023-03-13;560.15;471.48;412.62;391.5;88.67;58.86;21.12
2023-03-14;558.56;469.44;412.49;396.25;89.12;56.95;16.25
2023-03-15;534.93;445.38;392.77;393.63;89.55;52.61;-0.86
2023-03-16;508.73;418.78;372.73;390.04;89.95;46.05;-17.32
2023-03-17;500.57;410.24;372.71;393.45;90.33;37.52;-20.74
2023-03-18;504.8;414.13;386.72;395.26;90.68;27.41;-8.54
2023-03-19;507.26;416.27;400.14;390.05;91.0;16.13;10.09
2023-03-20;504.71;413.42;409.25;388.13;91.29;4.17;21.12
2023-03-21;492.17;400.62;408.59;392.34;91.56;-7.98;16.25
2023-03-22;463.01;371.22;391.0;391.85;91.8;-19.78;-0.86
2023-03-23;431.0;338.99;369.73;387.05;92.01;-30.74;-17.32
2023-03-24;419.83;327.63;368.03;388.77;92.19;-40.4;-20.74
2023-03-25;429.1;336.75;385.09;393.63;92.35;-48.34;-8.54
2023-03-26;439.96;347.48;401.71;391.62;92.48;-54.23;10.09
2023-03-27;444.59;352.0;409.82;388.71;92.59;-57.82;21.12
2023-03-28;442.93;350.27;409.22;392.98;92.66;-58.95;16.25
2023-03-29;430.22;337.51;395.09;395.95;92.71;-57.58;-0.86
2023-03-30;413.3;320.56;374.33;391.65;92.73;-53.77;-17.32
2023-03-31;414.38;321.65;369.32;390.06;92.73;-47.67;-20.74
2023-04-01;438.94;346.25;385.8;394.34;92.69;-39.55;-8.54
2023-04-02;466.68;374.04;403.8;393.71;92.63;-29.75;10.09
2023-04-03;483.14;390.6;409.29;388.17;92.54;-18.69;21.12
2023-04-04;490.61;398.18;405.01;388.76;92.43;-6.83;16.25
2023-04-05;489.43;397.15;391.83;392.69;92.28;5.32;-0.86
2023-04-06;481.98;389.86;372.63;389.94;92.11;17.24;-17.32
2023-04-07;485.89;393.97;365.54;386.28;91.92;28.42;-20.74
2023-04-08;511.75;420.06;381.65;390.19;91.69;38.41;-8.54
2023-04-09;541.81;450.37;403.61;393.53;91.44;46.76;10.09
2023-04-10;555.31;464.15;411.03;389.91;91.16;53.12;21.12
2023-04-11;553.36;462.51;405.27;389.02;90.85;57.24;16.25
2023-04-12;542.87;452.35;393.43;394.29;90.52;58.92;-0.86
2023-04-13;525.75;435.58;377.49;394.8;90.16;58.1;-17.32
2023-04-14;513.82;424.04;369.23;389.97;89.77;54.81;-20.74
2023-04-15;520.75;431.39;382.19;390.73;89.36;49.2;-8.54
2023-04-16;535.16;446.24;404.75;394.66;88.92;41.49;10.09
2023-04-17;533.2;444.74;412.71;391.59;88.46;32.03;21.12
2023-04-18;512.41;424.45;403.24;387.0;87.96;21.21;16.25
2023-04-19;485.85;398.4;388.92;389.78;87.45;9.48;-0.86
2023-04-20;459.22;372.32;374.96;392.28;86.9;-2.64;-17.32
2023-04-21;438.88;352.55;367.2;387.94;86.33;-14.66;-20.74
2023-04-22;437.54;351.8;377.86;386.4;85.74;-26.05;-8.54
2023-04-23;450.43;365.31;401.65;391.56;85.12;-36.34;10.09
2023-04-24;453.14;368.67;413.75;392.63;84.47;-45.08;21.12
2023-04-25;436.64;352.84;404.75;388.51;83.8;-51.91;16.25
2023-04-26;415.75;332.65;389.19;390.04;83.11;-56.54;-0.86
2023-04-27;401.36;318.97;377.73;395.05;82.39;-58.76;-17.32
2023-04-28;395.45;313.81;372.3;393.03;81.64;-58.49;-20.74
2023-04-29;405.51;324.64;380.38;388.92;80.87;-55.74;-8.54
2023-04-30;431.31;351.23;401.85;391.76;80.08;-50.62;10.09
2023-05-01;451.2;371.94;415.29;394.17;79.26;-43.35;21.12
2023-05-02;449.72;371.3;405.55;389.3;78.42;-34.24;16.25
2023-05-03;439.69;362.13;385.82;386.67;77.56;-23.68;-0.86
2023-05-04;438.02;361.34;373.46;390.78;76.67;-12.11;-17.32
2023-05-05;446.09;370.33;370.36;391.09;75.77;-0.03;-20.74
2023-05-06;464.61;389.78;377.73;386.27;74.83;12.05;-8.54
2023-05-07;494.88;421.0;397.38;387.29;73.88;23.62;10.09
2023-05-08;520.68;447.77;413.58;392.46;72.91;34.19;21.12
2023-05-09;522.6;450.69;407.38;391.14;71.91;43.31;16.25
2023-05-10;508.37;437.48;386.89;387.75;70.89;50.59;-0.86
2023-05-11;499.71;429.86;374.14;391.45;69.85;55.72;-17.32
2023-05-12;501.54;432.74;374.26;394.99;68.79;58.48;-20.74
2023-05-13;508.95;441.24;382.47;391.01;67.71;58.77;-8.54
2023-05-14;521.91;455.3;398.75;388.66;66.61;56.55;10.09
2023-05-15;531.29;465.79;413.85;392.73;65.49;51.94;21.12
2023-05-16;518.57;454.21;409.09;392.84;64.36;45.12;16.25
2023-05-17;485.99;422.79;386.41;387.27;63.2;36.39;-0.86
2023-05-18;457.94;395.92;369.81;387.13;62.02;26.11;-17.32
2023-05-19;446.16;385.33;370.61;391.34;60.83;14.72;-20.74
2023-05-20;443.11;383.5;380.79;389.33;59.61;2.71;-8.54
2023-05-21;444.33;385.95;395.37;385.28;58.38;-9.42;10.09
2023-05-22;445.78;388.64;409.79;388.67;57.13;-21.15;21.12
2023-05-23;432.77;376.9;408.87;392.63;55.87;-31.98;16.25
2023-05-24;401.69;347.1;388.55;389.41;54.59;-41.45;-0.86
2023-05-25;374.62;321.33;370.49;387.81;53.29;-49.16;-17.32
2023-05-26;369.29;317.32;372.1;392.84;51.98;-54.79;-20.74
2023-05-27;378.08;327.44;385.52;394.06;50.65;-58.09;-8.54
2023-05-28;389.64;340.33;399.25;389.16;49.3;-58.92;10.09
2023-05-29;400.94;353.0;410.25;389.13;47.95;-57.25;21.12
2023-05-30;402.91;356.34;409.49;393.24;46.57;-53.15;16.25
2023-05-31;388.39;343.2;390.0;390.86;45.19;-46.8;-0.86
2023-06-01;373.88;330.09;368.54;385.86;43.79;-38.46;-17.32
2023-06-02;381.25;338.88;367.36;388.09;42.37;-28.48;-20.74
2023-06-03;406.32;365.37;382.67;391.21;40.95;-17.3;-8.54
2023-06-04;431.56;392.05;397.43;387.34;39.51;-5.38;10.09
2023-06-05;451.11;413.04;406.27;385.16;38.06;6.77;21.12
2023-06-06;461.6;425.0;406.37;390.13;36.6;18.63;16.25
2023-06-07;455.94;420.81;391.11;391.97;35.13;29.7;-0.86
2023-06-08;443.7;410.05;370.55;387.87;33.65;39.5;-17.32
2023-06-09;447.68;415.52;367.88;388.62;32.16;47.63;-20.74
2023-06-10;469.63;438.98;385.23;393.77;30.66;53.74;-8.54
2023-06-11;489.22;460.07;402.5;392.41;29.15;57.57;10.09
2023-06-12;495.56;467.93;408.98;387.86;27.63;58.95;21.12
2023-06-13;490.25;464.14;406.31;390.07;26.1;57.83;16.25
2023-06-14;470.97;446.4;392.14;393.0;24.57;54.26;-0.86
2023-06-15;442.66;419.63;371.26;388.57;23.03;48.38;-17.32
2023-06-16;426.48;405.0;364.56;385.29;21.48;40.44;-20.74
2023-06-17;431.35;411.42;380.63;389.17;19.92;30.79;-8.54
2023-06-18;438.57;420.21;400.37;390.28;18.36;19.84;10.09
2023-06-19;431.51;414.71;406.68;385.56;16.8;8.04;21.12
2023-06-20;413.23;398.01;402.11;385.87;15.22;-4.1;16.25
2023-06-21;387.95;374.3;390.37;391.23;13.65;-16.07;-0.86
2023-06-22;358.03;345.96;373.31;390.63;12.07;-27.35;-17.32
2023-06-23;339.15;328.66;366.14;386.88;10.48;-37.48;-20.74
2023-06-24;344.28;335.38;381.39;389.93;8.9;-46.01;-8.54
2023-06-25;358.76;351.45;404.04;393.95;7.31;-52.59;10.09
2023-06-26;360.29;354.57;411.51;390.39;5.72;-56.93;21.12
2023-06-27;348.84;344.72;403.58;387.33;4.12;-58.86;16.25
2023-06-28;334.46;331.93;390.22;391.08;2.53;-58.29;-0.86
2023-06-29;320.28;319.35;374.6;391.91;0.94;-55.25;-17.32
2023-06-30;315.17;315.83;365.69;386.42;-0.66;-49.86;-20.74
2023-07-01;332.41;334.66;377.01;385.55;-2.25;-42.35;-8.54
2023-07-02;363.13;366.98;400.02;389.93;-3.85;-33.04;10.09
2023-07-03;382.03;387.48;409.81;388.7;-5.44;-22.34;21.12
2023-07-04;382.9;389.93;400.61;384.37;-7.03;-10.68;16.25
2023-07-05;379.11;387.73;386.31;387.16;-8.62;1.43;-0.86
2023-07-06;377.6;387.81;374.33;391.65;-10.21;13.48;-17.32
2023-07-07;381.35;393.15;368.19;388.93;-11.79;24.95;-20.74
2023-07-08;400.12;413.49;378.12;386.66;-13.37;35.37;-8.54
2023-07-09;430.76;445.71;401.42;391.34;-14.95;44.29;10.09
2023-07-10;449.16;465.68;414.36;393.25;-16.52;51.32;21.12
2023-07-11;442.74;460.84;404.66;388.41;-18.09;56.18;16.25
2023-07-12;425.71;445.36;386.71;387.57;-19.65;58.65;-0.86
2023-07-13;411.86;433.07;374.44;391.75;-21.21;58.63;-17.32
2023-07-14;402.72;425.48;369.36;390.09;-22.76;56.12;-20.74
2023-07-15;403.2;427.5;376.27;384.81;-24.3;51.23;-8.54
2023-07-16;414.84;440.68;396.51;386.42;-25.84;44.17;10.09
2023-07-17;419.04;446.41;411.18;390.07;-27.37;35.23;21.12
2023-07-18;398.92;427.8;403.01;386.77;-28.89;24.79;16.25
2023-07-19;366.05;396.45;383.14;384.0;-30.4;13.3;-0.86
2023-07-20;340.7;372.6;371.35;388.66;-31.9;1.25;-17.32
2023-07-21;326.26;359.65;370.51;391.24;-33.39;-10.86;-20.74
2023-07-22;321.36;356.23;378.74;387.28;-34.88;-22.5;-8.54
2023-07-23;327.78;364.13;397.33;387.24;-36.35;-33.19;10.09
2023-07-24;333.25;371.06;413.54;392.42;-37.81;-42.47;21.12
2023-07-25;318.79;358.05;408.0;391.75;-39.26;-49.95;16.25
2023-07-26;290.01;330.71;386.02;386.88;-40.7;-55.31;-0.86
2023-07-27;270.61;312.74;371.06;388.38;-42.13;-58.32;-17.32
2023-07-28;268.62;312.17;371.02;391.75;-43.54;-58.85;-20.74
2023-07-29;277.49;322.44;379.32;387.86;-44.95;-56.89;-8.54
2023-07-30;295.24;341.57;394.08;383.99;-46.33;-52.5;10.09
2023-07-31;315.05;362.76;408.65;387.54;-47.71;-45.89;21.12
2023-08-01;319.25;368.32;405.66;389.41;-49.07;-37.34;16.25
2023-08-02;306.44;356.86;384.05;384.91;-50.42;-27.19;-0.86
2023-08-03;299.54;351.29;367.18;384.5;-51.75;-15.9;-17.32
2023-08-04;312.21;365.27;369.19;389.93;-53.06;-3.92;-20.74
2023-08-05;335.4;389.76;381.55;390.09;-54.36;8.22;-8.54
2023-08-06;360.51;416.16;396.16;386.07;-55.65;20.01;10.09
2023-08-07;383.56;440.47;409.52;388.41;-56.92;30.95;21.12
2023-08-08;391.48;449.64;409.07;392.82;-58.17;40.57;16.25
2023-08-09;377.99;437.39;388.91;389.77;-59.4;48.48;-0.86
2023-08-10;362.46;423.08;368.75;386.07;-60.62;54.33;-17.32
2023-08-11;364.71;426.52;368.66;389.39;-61.82;57.87;-20.74
2023-08-12;378.33;441.32;382.37;390.91;-63.0;58.95;-8.54
2023-08-13;389.09;453.25;395.72;385.63;-64.16;57.53;10.09
2023-08-14;393.52;458.82;405.15;384.03;-65.3;53.67;21.12
2023-08-15;385.82;452.24;404.71;388.47;-66.42;47.53;16.25
2023-08-16;359.02;426.55;387.18;388.04;-67.53;39.37;-0.86
2023-08-17;327.15;395.76;366.22;383.54;-68.61;29.54;-17.32
2023-08-18;313.73;383.4;364.94;385.68;-69.67;18.46;-20.74
2023-08-19;317.93;388.64;382.05;390.59;-70.71;6.59;-8.54
2023-08-20;321.24;392.98;398.54;388.45;-71.74;-5.56;10.09
2023-08-21;316.5;389.24;406.71;385.59;-72.74;-17.47;21.12
2023-08-22;303.7;377.41;406.05;389.8;-73.71;-28.64;16.25
2023-08-23;278.23;352.9;391.49;392.35;-74.67;-38.59;-0.86
2023-08-24;247.87;323.47;370.38;387.7;-75.61;-46.91;-17.32
2023-08-25;235.58;312.09;365.32;386.06;-76.52;-53.23;-20.74
2023-08-26;246.96;324.36;381.66;390.2;-77.41;-57.29;-8.54
2023-08-27;262.18;340.45;399.38;389.29;-78.28;-58.93;10.09
2023-08-28;267.77;346.89;404.95;383.83;-79.12;-58.05;21.12
2023-08-29;266.36;346.3;401.02;384.78;-79.94;-54.72;16.25
2023-08-30;258.2;338.93;387.99;388.85;-80.74;-49.06;-0.86
2023-08-31;246.06;327.57;368.89;386.2;-81.51;-41.32;-17.32
2023-09-01;248.11;330.37;362.2;382.93;-82.26;-31.83;-20.74
2023-09-02;274.68;357.66;378.64;387.18;-82.98;-20.98;-8.54
2023-09-03;307.61;391.29;400.53;390.45;-83.68;-9.24;10.09
2023-09-04;326.37;410.73;407.84;386.73;-84.36;2.89;21.12
2023-09-05;332.05;417.05;402.16;385.91;-85.01;14.89;16.25
2023-09-06;330.78;416.41;390.14;391.0;-85.63;26.27;-0.86
2023-09-07;324.02;410.25;373.73;391.04;-86.23;36.53;-17.32
2023-09-08;323.66;410.46;365.23;385.96;-86.81;45.24;-20.74
2023-09-09;342.83;430.19;378.16;386.7;-87.35;52.02;-8.54
2023-09-10;369.23;457.11;400.51;390.42;-87.88;56.6;10.09
2023-09-11;378.67;467.05;408.27;387.15;-88.37;58.78;21.12
2023-09-12;368.64;457.48;399.02;382.77;-88.84;58.46;16.25
2023-09-13;351.4;440.69;385.03;385.89;-89.29;55.66;-0.86
2023-09-14;331.95;421.65;371.16;388.48;-89.71;50.5;-17.32
2023-09-15;316.67;406.76;363.58;384.31;-90.1;43.19;-20.74
2023-09-16;318.25;408.71;374.66;383.2;-90.46;34.05;-8.54
2023-09-17;331.32;422.12;398.66;388.57;-90.8;23.46;10.09
2023-09-18;331.38;422.49;410.61;389.5;-91.11;11.88;21.12
2023-09-19;309.97;401.37;401.58;385.33;-91.39;-0.21;16.25
2023-09-20;282.11;373.76;386.05;386.91;-91.65;-12.29;-0.86
2023-09-21;258.56;350.44;374.29;391.6;-91.88;-23.85;-17.32
2023-09-22;241.93;334.01;368.4;389.13;-92.08;-34.39;-20.74
2023-09-23;240.61;332.87;376.34;384.88;-92.26;-43.47;-8.54
2023-09-24;254.65;347.06;397.77;387.68;-92.41;-50.71;10.09
2023-09-25;262.63;355.16;410.95;389.84;-92.53;-55.8;21.12
2023-09-26;250.0;342.62;401.13;384.88;-92.62;-58.51;16.25
2023-09-27;230.29;322.98;381.72;382.58;-92.69;-58.75;-0.86
2023-09-28;220.43;313.15;369.64;386.95;-92.72;-56.48;-17.32
2023-09-29;222.04;314.77;366.6;387.33;-92.73;-51.82;-20.74
2023-09-30;236.56;329.28;374.24;382.78;-92.72;-44.96;-8.54
2023-10-01;265.44;358.11;394.31;384.22;-92.67;-36.2;10.09
2023-10-02;292.08;384.69;410.58;389.46;-92.6;-25.89;21.12
2023-10-03;297.22;389.72;404.21;387.96;-92.5;-14.48;16.25
2023-10-04;288.89;381.27;383.73;384.59;-92.38;-2.46;-0.86
2023-10-05;288.37;380.59;370.93;388.25;-92.22;9.66;-17.32
2023-10-06;299.97;392.01;370.64;391.37;-92.04;21.37;-20.74
2023-10-07;318.82;410.65;378.47;387.01;-91.84;32.18;-8.54
2023-10-08;344.72;436.32;394.7;384.61;-91.6;41.62;10.09
2023-10-09;367.66;459.0;409.7;388.58;-91.34;49.3;21.12
2023-10-10;368.51;459.56;404.69;388.44;-91.05;54.88;16.25
2023-10-11;349.46;440.2;382.07;382.93;-90.73;58.13;-0.86
2023-10-12;334.37;424.76;365.85;383.17;-90.39;58.91;-17.32
2023-10-13;334.01;424.03;366.83;387.57;-90.02;57.19;-20.74
2023-10-14;340.52;430.15;377.1;385.64;-89.62;53.05;-8.54
2023-10-15;349.48;438.68;392.03;381.95;-89.2;46.65;10.09
2023-10-16;356.32;445.07;406.8;385.69;-88.75;38.27;21.12
2023-10-17;345.81;434.09;405.82;389.57;-88.28;28.27;16.25
2023-10-18;314.64;402.41;385.35;386.21;-87.77;17.06;-0.86
2023-10-19;285.22;372.47;367.33;384.65;-87.25;5.14;-17.32
2023-10-20;275.08;361.77;368.78;389.52;-86.69;-7.01;-20.74
2023-10-21;276.76;362.87;381.73;390.27;-86.11;-18.86;-8.54
2023-10-22;279.77;365.28;395.19;385.1;-85.51;-29.91;10.09
2023-10-23;281.62;366.49;406.18;385.06;-84.88;-39.68;21.12
2023-10-24;273.26;357.48;405.26;389.01;-84.22;-47.78;16.25
2023-10-25;248.19;331.73;385.57;386.43;-83.54;-53.84;-0.86
2023-10-26;223.87;306.7;364.32;381.64;-82.84;-57.62;-17.32
2023-10-27;222.44;304.55;363.51;384.24;-82.11;-58.95;-20.74
2023-10-28;239.79;321.15;378.93;387.47;-81.36;-57.78;-8.54
2023-10-29;259.1;339.68;393.84;383.75;-80.58;-54.16;10.09
2023-10-30;275.08;354.86;403.09;381.98;-79.78;-48.24;21.12
2023-10-31;284.2;363.15;403.42;387.17;-78.95;-40.27;16.25
2023-11-01;279.3;357.41;387.99;388.85;-78.1;-30.59;-0.86
2023-11-02;270.5;347.73;367.34;384.65;-77.23;-19.61;-17.32
2023-11-03;280.57;356.9;364.7;385.44;-76.34;-7.8;-20.74
2023-11-04;310.69;386.11;381.76;390.3;-75.42;4.34;-8.54
2023-11-05;340.39;414.87;398.56;388.48;-74.48;16.3;10.09
2023-11-06;358.94;432.46;404.89;383.77;-73.52;27.57;21.12
2023-11-07;367.34;439.87;402.21;385.96;-72.54;37.66;16.25
2023-11-08;362.46;433.99;387.83;388.69;-71.53;46.16;-0.86
2023-11-09;349.04;419.55;366.85;384.17;-70.51;52.7;-17.32
2023-11-10;348.01;417.47;360.47;381.21;-69.46;56.99;-20.74
2023-11-11;367.34;435.73;376.86;385.4;-68.39;58.87;-8.54
2023-11-12;387.62;454.93;396.67;386.58;-67.3;58.25;10.09
2023-11-13;392.18;458.38;403.21;382.1;-66.2;55.16;21.12
2023-11-14;383.72;448.79;399.06;382.81;-65.07;49.73;16.25
2023-11-15;365.65;429.57;387.39;388.25;-63.92;42.18;-0.86
2023-11-16;340.22;402.98;370.14;387.45;-62.76;32.84;-17.32
2023-11-17;323.47;385.04;362.93;383.67;-61.57;22.11;-20.74
2023-11-18;328.21;388.58;378.14;386.68;-60.37;10.44;-8.54
2023-11-19;339.57;398.72;400.39;390.31;-59.15;-1.67;10.09
2023-11-20;335.83;393.74;407.46;386.34;-57.92;-13.71;21.12
2023-11-21;317.64;374.3;399.47;383.23;-56.66;-25.17;16.25
2023-11-22;295.11;350.5;386.07;386.93;-55.39;-35.57;-0.86
2023-11-23;271.66;325.77;370.21;387.53;-54.1;-44.45;-17.32
2023-11-24;257.12;309.92;361.36;382.09;-52.8;-51.44;-20.74
2023-11-25;265.34;316.82;373.07;381.61;-51.48;-56.25;-8.54
2023-11-26;287.49;337.64;396.31;386.22;-50.15;-58.67;10.09
2023-11-27;298.77;347.57;406.18;385.06;-48.8;-58.61;21.12
2023-11-28;293.81;341.25;397.3;381.05;-47.43;-56.05;16.25
2023-11-29;286.17;332.23;383.34;384.2;-46.05;-51.11;-0.86
2023-11-30;282.63;327.3;371.3;388.62;-44.66;-44.01;-17.32
2023-12-01;286.68;329.94;364.97;385.71;-43.26;-35.03;-20.74
2023-12-02;308.5;350.34;374.91;383.45;-41.84;-24.57;-8.54
2023-12-03;344.6;385.01;398.07;387.99;-40.41;-13.06;10.09
2023-12-04;370.57;409.54;410.55;389.43;-38.97;-1.01;21.12
2023-12-05;374.12;411.64;400.54;384.29;-37.52;11.1;16.25
2023-12-06;369.28;405.33;382.6;383.46;-36.05;22.73;-0.86
2023-12-07;369.03;403.61;370.21;387.53;-34.58;33.39;-17.32
2023-12-08;374.5;407.59;364.95;385.68;-33.09;42.64;-20.74
2023-12-09;390.54;422.13;372.05;380.59;-31.6;50.08;-8.54
2023-12-10;417.99;448.09;392.69;382.61;-30.09;55.39;10.09
2023-12-11;437.29;465.86;407.51;386.39;-28.58;58.35;21.12
2023-12-12;431.24;458.3;399.46;383.22;-27.06;58.84;16.25
2023-12-13;411.27;436.79;379.97;380.83;-25.53;56.82;-0.86
2023-12-14;396.82;420.81;368.41;385.73;-23.99;52.39;-17.32
2023-12-15;390.7;413.15;367.4;388.14;-22.45;45.74;-20.74
2023-12-16;391.74;412.64;375.49;384.03;-20.89;37.15;-8.54
2023-12-17;401.73;421.07;394.09;384.0;-19.34;26.98;10.09
2023-12-18;407.93;425.7;410.04;388.92;-17.77;15.66;21.12
2023-12-19;391.5;407.71;404.03;387.78;-16.21;3.68;16.25
2023-12-20;358.78;373.42;381.87;382.73;-14.63;-8.46;-0.86
2023-12-21;333.64;346.7;366.93;384.25;-13.06;-20.24;-17.32
2023-12-22;324.09;335.56;366.72;387.45;-11.47;-31.15;-20.74
2023-12-23;324.29;334.18;374.93;383.47;-9.89;-40.75;-8.54
2023-12-24;333.09;341.39;390.01;379.92;-8.3;-48.62;10.09
2023-12-25;343.8;350.52;404.93;383.82;-6.71;-54.42;21.12
2023-12-26;338.99;344.11;402.02;385.78;-5.12;-57.91;16.25
2023-12-27;318.14;321.67;380.62;381.47;-3.53;-58.94;-0.86
2023-12-28;304.73;306.66;364.14;381.46;-1.93;-57.48;-17.32
2023-12-29;312.34;312.68;366.24;386.98;-0.34;-53.57;-20.74
2023-12-30;332.24;330.99;378.37;386.91;1.26;-47.38;-8.54
2023-12-31;356.56;353.71;392.9;382.81;2.85;-39.19;10.09
2024-01-01;381.35;376.9;406.23;385.12;4.45;-29.33;21.12
2024-01-02;393.21;387.18;405.4;389.15;6.04;-18.23;16.25
2024-01-03;386.1;378.47;384.82;385.68;7.63;-6.35;-0.86
2024-01-04;379.62;370.4;364.6;381.92;9.22;5.8;-17.32
2024-01-05;393.0;382.2;364.5;385.23;10.8;17.7;-20.74
2024-01-06;419.25;406.87;378.02;386.56;12.39;28.85;-8.54
2024-01-07;444.14;430.17;391.4;381.31;13.97;38.77;10.09
2024-01-08;463.82;448.28;401.23;380.11;15.54;47.05;21.12
2024-01-09;471.51;454.4;401.06;384.82;17.11;53.33;16.25
2024-01-10;459.62;440.94;383.59;384.45;18.68;57.35;-0.86
2024-01-11;442.09;421.85;362.92;380.23;20.24;58.93;-17.32
2024-01-12;441.79;420.0;361.99;382.72;21.79;58.01;-20.74
2024-01-13;457.01;433.67;379.04;387.58;23.34;54.63;-8.54
2024-01-14;469.1;444.22;395.29;385.21;24.88;48.93;10.09
2024-01-15;471.0;444.59;403.44;382.32;26.41;41.15;21.12
2024-01-16;462.22;434.28;402.66;386.42;27.94;31.62;16.25
2024-01-17;437.86;408.4;387.65;388.51;29.45;20.75;-0.86
2024-01-18;406.18;375.21;366.21;383.53;30.96;9.0;-17.32
2024-01-19;390.51;358.04;361.18;381.91;32.46;-3.13;-20.74
2024-01-20;396.26;362.31;377.44;385.98;33.95;-15.13;-8.54
2024-01-21;403.94;368.51;394.99;384.91;35.43;-26.49;10.09
2024-01-22;400.92;364.03;400.75;379.63;36.9;-36.72;21.12
2024-01-23;390.2;351.85;397.24;380.99;38.36;-45.39;16.25
2024-01-24;372.05;332.25;384.39;385.25;39.8;-52.14;-0.86
2024-01-25;349.94;308.7;365.38;382.69;41.24;-56.67;-17.32
2024-01-26;342.9;300.24;359.03;379.77;42.66;-58.8;-20.74
2024-01-27;361.36;317.29;375.72;384.26;44.07;-58.43;-8.54
2024-01-28;387.33;341.86;397.44;387.35;45.47;-55.58;10.09
2024-01-29;401.04;354.19;404.56;383.44;46.85;-50.37;21.12
2024-01-30;404.07;355.85;398.87;382.62;48.22;-43.02;16.25
2024-01-31;402.34;352.77;386.61;387.47;49.58;-33.85;-0.86
2024-02-01;397.41;346.49;369.72;387.04;50.92;-23.24;-17.32
2024-02-02;401.63;349.39;361.03;381.76;52.24;-11.64;-20.74
2024-02-03;428.02;374.47;374.01;382.55;53.55;0.45;-8.54
2024-02-04;463.61;408.76;396.23;386.15;54.85;12.53;10.09
2024-02-05;484.09;427.97;403.9;382.78;56.13;24.07;21.12
2024-02-06;486.94;429.55;394.96;378.72;57.39;34.59;16.25
2024-02-07;483.63;425.0;381.36;382.22;58.63;43.64;-0.86
2024-02-08;478.28;418.43;367.59;384.91;59.86;50.84;-17.32
2024-02-09;477.11;416.04;360.17;380.9;61.07;55.88;-20.74
2024-02-10;492.43;430.17;371.62;380.16;62.26;58.54;-8.54
2024-02-11;517.89;454.45;395.73;385.64;63.43;58.73;10.09
2024-02-12;528.44;463.85;407.43;386.32;64.59;56.41;21.12
2024-02-13;515.7;449.98;398.27;382.02;65.72;51.71;16.25
2024-02-14;494.35;427.51;382.71;383.56;66.84;44.81;-0.86
2024-02-15;474.53;406.6;370.6;387.91;67.93;36.0;-17.32
2024-02-16;458.95;389.94;364.27;385.01;69.01;25.67;-20.74
2024-02-17;456.46;386.39;372.14;380.68;70.06;14.25;-8.54
2024-02-18;466.92;395.82;393.6;383.52;71.1;2.22;10.09
2024-02-19;468.84;396.73;406.63;385.51;72.11;-9.9;21.12
2024-02-20;448.33;375.23;396.83;380.58;73.11;-21.6;16.25
2024-02-21;419.52;345.44;377.83;378.68;74.08;-32.38;-0.86
2024-02-22;399.28;324.25;366.05;383.36;75.02;-41.79;-17.32
2024-02-23;389.59;313.64;363.07;383.81;75.95;-49.43;-20.74
2024-02-24;392.84;315.99;370.95;379.49;76.86;-54.96;-8.54
2024-02-25;410.93;333.19;391.36;381.27;77.74;-58.17;10.09
2024-02-26;427.28;348.68;407.58;386.47;78.59;-58.9;21.12
2024-02-27;423.25;343.82;400.95;384.7;79.43;-57.13;16.25
2024-02-28;407.71;327.47;380.41;381.26;80.24;-52.94;-0.86
2024-02-29;402.03;321.0;367.5;384.82;81.03;-46.5;-17.32
2024-03-01;410.48;328.69;366.77;387.51;81.79;-38.09;-20.74
2024-03-02;428.74;346.21;374.26;382.8;82.53;-28.05;-8.54
2024-03-03;456.92;373.68;390.51;380.42;83.25;-16.83;10.09
2024-03-04;484.54;400.61;405.5;384.38;83.94;-4.89;21.12
2024-03-05;492.19;407.58;400.33;384.09;84.6;7.25;16.25
2024-03-06;482.21;396.97;377.88;378.74;85.24;19.09;-0.86
2024-03-07;478.08;392.22;362.1;379.42;85.86;30.11;-17.32
2024-03-08;489.61;403.16;363.3;384.03;86.45;39.86;-20.74
2024-03-09;508.56;421.55;373.63;382.17;87.01;47.92;-8.54
2024-03-10;530.37;442.82;388.88;378.79;87.55;53.94;10.09
2024-03-11;549.63;461.57;403.9;382.78;88.07;57.67;21.12
2024-03-12;550.24;461.69;402.74;386.49;88.55;58.95;16.25
2024-03-13;528.78;439.76;382.03;382.89;89.01;57.73;-0.86
2024-03-14;507.49;418.05;363.98;381.3;89.45;54.06;-17.32
2024-03-15;503.18;413.32;365.22;385.96;89.86;48.1;-20.74
2024-03-16;508.03;417.79;377.7;386.24;90.24;40.09;-8.54
2024-03-17;511.91;421.32;390.94;380.85;90.59;30.38;10.09
2024-03-18;512.3;421.38;402.0;380.89;90.92;19.38;21.12
2024-03-19;499.78;408.56;401.01;384.76;91.22;7.56;16.25
2024-03-20;468.13;376.64;381.23;382.09;91.49;-4.59;-0.86
2024-03-21;435.49;343.75;360.28;377.6;91.74;-16.54;-17.32
2024-03-22;424.06;332.1;359.88;380.62;91.96;-27.78;-20.74
2024-03-23;429.73;337.58;375.43;383.97;92.15;-37.85;-8.54
2024-03-24;436.46;344.14;390.45;380.37;92.32;-46.31;10.09
2024-03-25;439.71;347.25;400.06;378.94;92.45;-52.8;21.12
2024-03-26;436.0;343.44;400.5;384.25;92.56;-57.06;16.25
2024-03-27;418.57;325.92;384.81;385.67;92.65;-58.89;-0.86
2024-03-28;398.46;305.76;363.98;381.3;92.7;-58.22;-17.32
2024-03-29;398.96;306.23;361.3;382.04;92.73;-55.07;-20.74
2024-03-30;421.18;328.45;378.05;386.59;92.73;-49.59;-8.54
2024-03-31;445.1;352.39;394.4;384.32;92.7;-42.01;10.09
2024-04-01;460.65;368.0;400.64;379.52;92.65;-32.64;21.12
2024-04-02;468.72;376.15;398.04;381.79;92.57;-21.89;16.25
2024-04-03;465.79;373.33;383.53;384.39;92.46;-10.2;-0.86
2024-04-04;456.81;364.49;362.57;379.89;92.32;1.91;-17.32
2024-04-05;462.71;370.55;356.6;377.33;92.16;13.95;-20.74
2024-04-06;490.69;398.72;373.33;381.86;91.97;25.39;-8.54
2024-04-07;520.71;428.96;393.2;383.11;91.75;35.76;10.09
2024-04-08;536.05;444.55;399.94;378.82;91.51;44.61;21.12
2024-04-09;538.9;447.67;396.11;379.86;91.23;51.56;16.25
2024-04-10;531.67;440.74;384.42;385.27;90.93;56.32;-0.86
2024-04-11;516.16;425.55;366.86;384.17;90.61;58.7;-17.32
2024-04-12;508.38;418.12;359.55;380.28;90.25;58.58;-20.74
2024-04-13;520.51;430.64;374.67;383.21;89.87;55.97;-8.54
2024-04-14;536.97;447.5;396.51;386.42;89.47;50.99;10.09
2024-04-15;536.09;447.05;403.21;382.09;89.03;43.84;21.12
2024-04-16;518.66;430.08;395.25;379.0;88.58;34.84;16.25
2024-04-17;494.32;406.23;381.88;382.74;88.09;24.35;-0.86
2024-04-18;466.3;378.72;365.9;383.21;87.58;12.83;-17.32
2024-04-19;444.99;357.95;357.19;377.92;87.04;0.76;-20.74
2024-04-20;444.49;358.02;369.35;377.89;86.48;-11.34;-8.54
2024-04-21;455.77;369.88;392.83;382.75;85.89;-22.95;10.09
2024-04-22;454.43;369.16;402.75;381.63;85.27;-33.59;21.12
2024-04-23;435.97;351.33;394.14;377.89;84.64;-42.81;16.25
2024-04-24;414.2;330.23;380.43;381.29;83.97;-50.21;-0.86
2024-04-25;396.03;312.75;368.23;385.54;83.28;-55.48;-17.32
2024-04-26;385.8;303.23;361.62;382.35;82.57;-58.39;-20.74
2024-04-27;394.51;312.68;371.5;380.04;81.83;-58.82;-8.54
2024-04-28;418.79;337.72;394.48;384.39;81.07;-56.76;10.09
2024-04-29;434.49;354.21;406.49;385.38;80.28;-52.28;21.12
2024-04-30;430.13;350.66;396.25;380.0;79.47;-45.59;16.25
2024-05-01;420.08;341.44;378.4;379.26;78.64;-36.96;-0.86
2024-05-02;417.01;339.23;365.99;383.31;77.78;-26.76;-17.32
2024-05-03;422.11;345.22;360.64;381.38;76.9;-15.43;-20.74
2024-05-04;440.59;364.6;368.03;376.57;76.0;-3.44;-8.54
2024-05-05;472.88;397.81;389.11;379.02;75.07;8.7;10.09
2024-05-06;498.66;424.54;404.07;382.95;74.12;20.46;21.12
2024-05-07;500.62;427.47;396.11;379.86;73.15;31.36;16.25
2024-05-08;490.02;417.86;376.93;377.79;72.16;40.93;-0.86
2024-05-09;485.4;414.26;365.5;382.82;71.15;48.75;-17.32
2024-05-10;488.85;418.73;364.22;384.95;70.12;54.51;-20.74
2024-05-11;499.1;430.04;372.08;380.62;69.06;57.96;-8.54
2024-05-12;517.56;449.58;390.64;380.55;67.99;58.94;10.09
2024-05-13;530.61;463.72;406.3;385.18;66.89;57.42;21.12
2024-05-14;519.08;453.3;399.84;383.59;65.78;53.46;16.25
2024-05-15;489.46;424.82;377.58;378.44;64.64;47.24;-0.86
2024-05-16;465.25;401.76;362.75;380.07;63.49;39.01;-17.32
2024-05-17;453.9;391.58;362.46;383.2;62.32;29.12;-20.74
2024-05-18;449.8;388.67;370.68;379.22;61.13;17.99;-8.54
2024-05-19;452.18;392.26;386.15;376.07;59.92;6.11;10.09
2024-05-20;454.1;395.41;401.45;380.34;58.69;-6.04;21.12
2024-05-21;438.13;380.68;398.61;382.36;57.45;-17.93;16.25
2024-05-22;404.48;348.29;377.35;378.21;56.19;-29.06;-0.86
2024-05-23;377.14;322.23;361.19;378.5;54.91;-38.96;-17.32
2024-05-24;369.69;316.07;363.27;384.01;53.62;-47.2;-20.74
2024-05-25;373.94;321.64;375.07;383.61;52.31;-53.44;-8.54
2024-05-26;383.03;332.05;389.45;379.37;50.98;-57.41;10.09
2024-05-27;393.41;343.77;402.71;381.59;49.64;-58.94;21.12
2024-05-28;391.81;343.52;401.49;385.25;48.29;-57.97;16.25
2024-05-29;372.92;326.0;380.54;381.39;46.92;-54.54;-0.86
2024-05-30;357.08;311.55;360.34;377.65;45.53;-48.79;-17.32
2024-05-31;363.48;319.35;360.32;381.05;44.14;-40.97;-20.74
2024-06-01;385.05;342.32;373.74;382.28;42.73;-31.41;-8.54
2024-06-02;408.04;366.73;387.25;377.17;41.31;-20.52;10.09
2024-06-03;428.65;388.78;397.54;376.42;39.87;-8.76;21.12
2024-06-04;439.45;401.02;397.65;381.4;38.43;3.37;16.25
2024-06-05;432.55;395.58;380.22;381.07;36.97;15.36;-0.86
2024-06-06;421.97;386.46;359.76;377.08;35.5;26.7;-17.32
2024-06-07;430.01;395.99;359.08;379.82;34.02;36.91;-20.74
2024-06-08;454.05;421.52;375.97;384.51;32.53;45.55;-8.54
2024-06-09;475.19;444.16;391.91;381.82;31.03;52.25;10.09
2024-06-10;486.23;456.7;399.96;378.85;29.53;56.74;21.12
2024-06-11;485.86;457.85;399.03;382.78;28.01;58.82;16.25
2024-06-12;468.46;441.98;383.58;384.44;26.48;58.4;-0.86
2024-06-13;442.33;417.38;361.88;379.2;24.95;55.5;-17.32
2024-06-14;430.61;407.19;356.95;377.69;23.41;50.24;-20.74
2024-06-15;437.97;416.1;373.25;381.79;21.86;42.85;-8.54
2024-06-16;444.68;424.37;390.73;380.64;20.31;33.65;10.09
2024-06-17;438.51;419.76;396.74;375.63;18.75;23.01;21.12
2024-06-18;422.28;405.1;393.7;377.45;17.19;11.4;16.25
2024-06-19;395.93;380.31;381.01;381.87;15.62;-0.7;-0.86
2024-06-20;363.33;349.29;362.05;379.37;14.04;-12.77;-17.32
2024-06-21;344.16;331.69;355.98;376.72;12.46;-24.29;-20.74
2024-06-22;348.91;338.03;372.81;381.35;10.88;-34.78;-8.54
2024-06-23;359.75;350.45;394.25;384.16;9.3;-43.8;10.09
2024-06-24;357.85;350.14;401.1;379.98;7.71;-50.96;21.12
2024-06-25;345.52;339.4;395.35;379.11;6.12;-55.95;16.25
2024-06-26;328.8;324.27;382.85;383.7;4.52;-58.57;-0.86
2024-06-27;309.74;306.81;365.51;382.83;2.93;-58.7;-17.32
2024-06-28;301.69;300.35;356.7;377.43;1.33;-56.34;-20.74
2024-06-29;317.98;318.24;369.83;378.37;-0.26;-51.59;-8.54
2024-06-30;345.51;347.37;392.02;381.93;-1.86;-44.65;10.09
2024-07-01;360.42;363.87;399.68;378.56;-3.45;-35.81;21.12
2024-07-02;360.64;365.68;391.13;374.88;-5.04;-25.45;16.25
2024-07-03;357.28;363.92;377.93;378.79;-6.64;-14.01;-0.86
2024-07-04;354.03;362.26;364.23;381.55;-8.23;-1.98;-17.32
2024-07-05;357.24;367.06;356.92;377.65;-9.81;10.14;-20.74
2024-07-06;379.09;390.49;368.66;377.2;-11.4;21.83;-8.54
2024-07-07;412.37;425.35;392.76;382.67;-12.98;32.59;10.09
2024-07-08;431.53;446.09;404.12;383.0;-14.56;41.96;21.12
2024-07-09;428.19;444.33;394.76;378.52;-16.13;49.56;16.25
2024-07-10;416.48;434.18;379.13;379.99;-17.7;55.05;-0.86
2024-07-11;405.61;424.88;366.67;383.99;-19.26;58.21;-17.32
2024-07-12;398.03;418.85;359.96;380.69;-20.82;58.89;-20.74
2024-07-13;402.55;424.92;367.85;376.39;-22.37;57.07;-8.54
2024-07-14;418.35;442.27;389.44;379.35;-23.92;52.83;10.09
2024-07-15;423.29;448.75;402.4;381.28;-25.45;46.35;21.12
2024-07-16;403.63;430.61;392.71;376.46;-26.98;37.9;16.25
2024-07-17;373.5;402.0;374.17;375.02;-28.51;27.84;-0.86
2024-07-18;349.27;379.29;362.69;380.0;-30.02;16.6;-17.32
2024-07-19;332.87;364.39;359.74;380.48;-31.52;4.65;-20.74
2024-07-20;327.28;360.3;367.8;376.34;-33.02;-7.49;-8.54
2024-07-21;334.62;369.13;388.45;378.36;-34.51;-19.32;10.09
2024-07-22;338.21;374.19;404.52;383.4;-35.98;-30.32;21.12
2024-07-23;320.04;357.49;397.53;381.28;-37.45;-40.04;16.25
2024-07-24;289.91;328.81;376.87;377.72;-38.9;-48.06;-0.86
2024-07-25;269.45;309.79;363.83;381.15;-40.34;-54.04;-17.32
2024-07-26;263.19;304.96;362.68;383.42;-41.77;-57.72;-20.74
2024-07-27;267.75;310.94;369.9;378.44;-43.19;-58.95;-8.54
2024-07-28;283.98;328.58;386.26;376.18;-44.6;-57.68;10.09
2024-07-29;301.38;347.37;401.33;380.22;-45.99;-53.97;21.12
2024-07-30;300.79;348.15;396.11;379.86;-47.37;-47.96;16.25
2024-07-31;285.26;333.99;373.9;374.76;-48.73;-39.91;-0.86
2024-08-01;278.35;328.43;358.6;375.91;-50.08;-30.17;-17.32
2024-08-02;289.41;340.83;359.98;380.71;-51.42;-19.15;-20.74
2024-08-03;310.29;363.02;370.34;378.88;-52.74;-7.31;-8.54
2024-08-04;336.61;390.65;385.82;375.73;-54.04;4.83;10.09
2024-08-05;362.42;417.75;400.98;379.86;-55.33;16.77;21.12
2024-08-06;370.94;427.54;399.54;383.3;-56.6;28.0;16.25
2024-08-07;358.7;416.56;378.52;379.38;-57.86;38.04;-0.86
2024-08-08;347.77;406.87;360.4;377.72;-59.09;46.46;-17.32
2024-08-09;354.02;414.34;361.43;382.16;-60.31;52.91;-20.74
2024-08-10;369.07;430.59;373.47;382.01;-61.52;57.12;-8.54
2024-08-11;382.77;445.47;386.58;376.49;-62.7;58.9;10.09
2024-08-12;392.12;455.99;397.81;376.69;-63.87;58.18;21.12
2024-08-13;386.81;451.82;396.83;380.59;-65.01;54.99;16.25
2024-08-14;360.37;426.52;377.05;377.91;-66.14;49.46;-0.86
2024-08-15;331.06;398.31;356.47;373.79;-67.25;41.84;-17.32
2024-08-16;320.6;388.94;356.5;377.23;-68.34;32.44;-20.74
2024-08-17;324.38;393.79;372.13;380.67;-69.41;21.66;-8.54
2024-08-18;326.73;397.18;387.22;377.13;-70.46;9.96;10.09
2024-08-19;323.44;394.92;397.08;375.96;-71.48;-2.16;21.12
2024-08-20;310.85;383.34;397.53;381.28;-72.49;-14.19;16.25
2024-08-21;282.4;355.87;381.48;382.34;-73.47;-25.61;-0.86
2024-08-22;250.03;324.46;360.41;377.73;-74.43;-35.95;-17.32
2024-08-23;237.53;312.91;357.67;378.41;-75.37;-44.77;-20.74
2024-08-24;246.13;322.42;374.1;382.64;-76.29;-51.68;-8.54
2024-08-25;256.48;333.67;390.07;379.98;-77.19;-56.4;10.09
2024-08-26;259.53;337.59;396.31;375.2;-78.06;-58.72;21.12
2024-08-27;256.42;335.33;393.88;377.63;-78.91;-58.55;16.25
2024-08-28;243.72;323.45;379.35;380.21;-79.74;-55.9;-0.86
2024-08-29;227.08;307.62;358.49;375.8;-80.54;-50.87;-17.32
2024-08-30;227.96;309.28;352.96;373.7;-81.32;-43.68;-20.74
2024-08-31;253.31;335.38;370.02;378.56;-82.07;-34.64;-8.54
2024-09-01;282.99;365.79;389.92;379.83;-82.8;-24.13;10.09
2024-09-02;300.68;384.19;396.78;375.66;-83.51;-12.59;21.12
2024-09-03;308.47;392.66;393.18;376.93;-84.19;-0.52;16.25
2024-09-04;308.07;392.92;381.34;382.2;-84.85;11.57;-0.86
2024-09-05;301.1;386.58;363.41;380.72;-85.48;23.18;-17.32
2024-09-06;303.65;389.73;355.94;376.67;-86.08;33.79;-20.74
2024-09-07;327.26;413.93;370.95;379.49;-86.66;42.98;-8.54
2024-09-08;355.52;442.74;392.41;382.32;-87.22;50.34;10.09
2024-09-09;366.63;454.38;398.82;377.7;-87.75;55.56;21.12
2024-09-10;361.15;449.4;390.98;374.73;-88.25;58.42;16.25
2024-09-11;347.81;436.54;377.74;378.6;-88.73;58.8;-0.86
2024-09-12;329.23;418.41;361.72;379.04;-89.18;56.69;-17.32
2024-09-13;315.8;405.41;353.24;373.97;-89.6;52.17;-20.74
2024-09-14;321.31;411.31;365.88;374.42;-90.0;45.43;-8.54
2024-09-15;335.97;426.34;389.57;379.49;-90.37;36.77;10.09
2024-09-16;335.32;426.03;399.49;378.37;-90.72;26.54;21.12
2024-09-17;315.22;406.26;391.07;374.82;-91.03;15.19;16.25
2024-09-18;289.38;380.7;377.51;378.36;-91.32;3.19;-0.86
2024-09-19;264.5;356.09;365.03;382.34;-91.59;-8.94;-17.32
2024-09-20;245.55;337.37;358.06;378.8;-91.82;-20.69;-20.74
2024-09-21;244.26;336.29;367.86;376.4;-92.03;-31.57;-8.54
2024-09-22;257.33;349.55;390.65;380.56;-92.22;-41.1;10.09
2024-09-23;260.99;353.36;402.25;381.13;-92.37;-48.89;21.12
2024-09-24;244.75;337.25;391.86;375.61;-92.5;-54.6;16.25
2024-09-25;223.6;316.2;374.2;375.06;-92.6;-58.0;-0.86
2024-09-26;210.25;302.92;361.86;379.18;-92.67;-58.93;-17.32
2024-09-27;206.43;299.14;356.51;377.25;-92.72;-57.37;-20.74
2024-09-28;218.15;310.88;364.25;372.79;-92.73;-53.36;-8.54
2024-09-29;245.95;338.68;385.77;375.68;-92.72;-47.09;10.09
2024-09-30;269.32;362.01;400.83;379.71;-92.69;-38.82;21.12
2024-10-01;271.36;363.98;392.89;376.64;-92.62;-28.91;16.25
2024-10-02;263.64;356.17;373.93;374.79;-92.53;-17.76;-0.86
2024-10-03;264.25;356.66;362.52;379.84;-92.41;-5.86;-17.32
2024-10-04;274.89;367.16;360.87;381.61;-92.27;6.28;-20.74
2024-10-05;294.53;386.62;368.46;377.0;-92.09;18.16;-8.54
2024-10-06;324.33;416.22;386.95;376.86;-91.89;29.27;10.09
2024-10-07;349.81;441.47;402.33;381.22;-91.66;39.14;21.12
2024-10-08;351.43;442.84;395.49;379.24;-91.41;47.35;16.25
2024-10-09;335.64;426.77;373.23;374.09;-91.12;53.54;-0.86
2024-10-10;325.26;416.07;358.61;375.92;-90.81;57.46;-17.32
2024-10-11;326.8;417.27;358.33;379.07;-90.48;58.94;-20.74
2024-10-12;334.44;424.56;366.63;375.17;-90.11;57.92;-8.54
2024-10-13;347.26;436.99;382.54;372.46;-89.72;54.44;10.09
2024-10-14;357.55;446.85;398.2;377.08;-89.31;48.65;21.12
2024-10-15;347.3;436.17;395.37;379.13;-88.87;40.8;16.25
2024-10-16;317.0;405.4;374.19;375.05;-88.4;31.21;-0.86
2024-10-17;290.63;378.53;358.24;375.55;-87.9;20.3;-17.32
2024-10-18;281.33;368.71;360.19;380.93;-87.38;8.52;-20.74
2024-10-19;281.14;367.97;371.59;380.13;-86.83;-3.62;-8.54
2024-10-20;283.92;370.18;385.78;375.7;-86.26;-15.6;10.09
2024-10-21;286.37;372.03;398.95;377.83;-85.66;-26.92;21.12
2024-10-22;275.24;360.28;397.38;381.13;-85.04;-37.1;16.25
2024-10-23;246.04;330.42;376.13;376.98;-84.39;-45.7;-0.86
2024-10-24;219.97;303.69;356.05;373.37;-83.72;-52.36;-17.32
2024-10-25;216.39;299.41;356.21;376.95;-83.02;-56.8;-20.74
2024-10-26;228.49;310.79;369.62;378.16;-82.29;-58.83;-8.54
2024-10-27;243.42;324.97;383.33;373.25;-81.55;-58.36;10.09
2024-10-28;257.91;338.68;394.1;372.98;-80.77;-55.41;21.12
2024-10-29;264.35;344.33;394.44;378.2;-79.98;-50.11;16.25
2024-10-30;255.14;334.3;376.99;377.84;-79.16;-42.69;-0.86
2024-10-31;244.91;323.22;356.67;373.99;-78.32;-33.45;-17.32
2024-11-01;255.9;333.35;356.13;376.87;-77.45;-22.79;-20.74
2024-11-02;285.04;361.6;372.76;381.3;-76.56;-11.16;-8.54
2024-11-03;313.6;389.25;388.31;378.22;-75.65;0.94;10.09
2024-11-04;334.54;409.26;396.26;375.14;-74.72;13.0;21.12
2024-11-05;345.92;419.68;395.17;378.92;-73.76;24.51;16.25
2024-11-06;341.53;414.31;379.33;380.19;-72.78;34.98;-0.86
2024-11-07;329.65;401.43;357.47;374.78;-71.78;43.96;-17.32
2024-11-08;333.06;403.83;352.75;373.48;-70.76;51.08;-20.74
2024-11-09;355.47;425.19;369.16;377.7;-69.72;56.03;-8.54
2024-11-10;376.58;445.24;386.64;376.56;-68.66;58.6;10.09
2024-11-11;384.09;451.66;392.98;371.87;-67.58;58.68;21.12
2024-11-12;380.19;446.66;390.39;374.15;-66.48;56.27;16.25
2024-11-13;363.94;429.3;377.82;378.68;-65.35;51.47;-0.86
2024-11-14;339.12;403.33;358.85;376.16;-64.21;44.49;-17.32
2024-11-15;325.53;388.58;352.96;373.7;-63.05;35.62;-20.74
2024-11-16;333.18;395.05;369.82;378.36;-61.87;25.23;-8.54
2024-11-17;343.99;404.66;390.89;380.8;-60.67;13.78;10.09
2024-11-18;339.7;399.16;397.42;376.31;-59.46;1.74;21.12
2024-11-19;323.0;381.23;391.61;375.36;-58.23;-10.38;16.25
2024-11-20;299.83;356.81;378.86;379.72;-56.98;-22.05;-0.86
2024-11-21;272.65;328.36;361.15;378.47;-55.71;-32.79;-17.32
2024-11-22;255.76;310.18;352.32;373.05;-54.43;-42.14;-20.74
2024-11-23;262.87;316.0;365.69;374.23;-53.13;-49.69;-8.54
2024-11-24;280.99;332.8;387.94;377.85;-51.81;-55.14;10.09
2024-11-25;286.95;337.43;395.68;374.56;-50.48;-58.24;21.12
2024-11-26;279.53;328.67;387.54;371.3;-49.13;-58.88;16.25
2024-11-27;269.94;317.71;374.72;375.58;-47.77;-57.01;-0.86
2024-11-28;261.92;308.32;361.04;378.36;-46.4;-52.72;-17.32
2024-11-29;262.54;307.55;353.75;374.49;-45.01;-46.2;-20.74
2024-11-30;284.36;327.97;365.68;374.22;-43.61;-37.71;-8.54
2024-12-01;319.85;362.05;389.67;379.58;-42.2;-27.62;10.09
2024-12-02;343.48;384.25;400.61;379.49;-40.77;-16.36;21.12
2024-12-03;347.29;386.62;391.03;374.78;-39.33;-4.41;16.25
2024-12-04;345.17;383.05;375.32;376.18;-37.88;7.73;-0.86
2024-12-05;345.67;382.09;362.55;379.86;-36.42;19.55;-17.32
2024-12-06;351.12;386.07;355.54;376.27;-34.95;30.53;-20.74
2024-12-07;370.3;403.76;363.54;372.08;-33.46;40.22;-8.54
2024-12-08;401.58;433.56;385.36;375.27;-31.97;48.2;10.09
2024-12-09;422.0;452.47;398.33;377.22;-30.47;54.13;21.12
2024-12-10;417.64;446.59;388.82;372.58;-28.96;57.77;16.25
2024-12-11;402.26;429.7;370.75;371.61;-27.44;58.95;-0.86
2024-12-12;391.26;417.17;359.53;376.85;-25.91;57.63;-17.32
2024-12-13;386.04;410.41;356.54;377.28;-24.38;53.87;-20.74
2024-12-14;389.67;412.5;364.69;373.23;-22.83;47.81;-8.54
2024-12-15;403.92;425.2;385.47;375.39;-21.28;39.73;10.09
2024-12-16;411.53;431.25;401.29;380.18;-19.73;29.96;21.12
2024-12-17;394.64;412.81;393.89;377.64;-18.17;18.92;16.25
2024-12-18;363.57;380.16;373.09;373.95;-16.6;7.07;-0.86
2024-12-19;339.84;354.86;359.94;377.25;-15.03;-5.07;-17.32
2024-12-20;327.98;341.43;358.43;379.16;-13.45;-17.0;-20.74
2024-12-21;325.38;337.25;365.46;374.0;-11.87;-28.21;-8.54
2024-12-22;333.54;343.83;382.05;371.96;-10.29;-38.22;10.09
2024-12-23;341.98;350.68;397.29;376.17;-8.7;-46.61;21.12
2024-12-24;331.95;339.06;392.08;375.83;-7.11;-53.02;16.25
2024-12-25;307.47;312.99;370.17;371.03;-5.52;-57.18;-0.86
2024-12-26;292.49;296.42;355.32;372.64;-3.93;-58.91;-17.32
2024-12-27;296.37;298.7;356.84;377.58;-2.33;-58.14;-20.74
2024-12-28;311.51;312.25;367.15;375.69;-0.74;-54.9;-8.54
2024-12-29;334.29;333.44;382.77;372.68;0.86;-49.33;10.09
2024-12-30;358.75;356.3;397.97;376.85;2.45;-41.67;21.12
2024-12-31;367.98;363.93;396.16;379.92;4.05;-32.23;16.25
2025-01-01;359.0;353.36;374.79;375.65;5.64;-21.43;-0.86
2025-01-02;354.1;346.87;356.59;373.91;7.23;-9.72;-17.32
2025-01-03;368.65;359.82;357.42;378.16;8.82;2.4;-20.74
2025-01-04;393.94;383.53;369.11;377.65;10.41;14.42;-8.54
2025-01-05;420.01;408.01;382.18;372.09;11.99;25.83;10.09
2025-01-06;443.4;429.83;393.69;372.57;13.57;36.14;21.12
2025-01-07;452.88;437.73;392.81;376.56;15.15;44.92;16.25
2025-01-08;441.61;424.89;373.09;373.95;16.72;51.79;-0.86
2025-01-09;427.66;409.38;352.91;370.23;18.29;56.47;-17.32
2025-01-10;431.92;412.07;353.33;374.07;19.85;58.74;-20.74
2025-01-11;448.91;427.5;368.98;377.52;21.4;58.52;-8.54
2025-01-12;462.82;439.87;384.05;373.97;22.95;55.82;10.09
2025-01-13;469.31;444.81;394.07;372.95;24.49;50.74;21.12
2025-01-14;463.97;437.94;394.42;378.18;26.03;43.52;16.25
2025-01-15;439.94;412.39;377.94;378.8;27.56;34.44;-0.86
2025-01-16;409.59;380.52;356.62;373.93;29.07;23.9;-17.32
2025-01-17;396.75;366.17;353.81;374.55;30.59;12.35;-20.74
2025-01-18;402.33;370.25;369.97;378.51;32.09;0.28;-8.54
2025-01-19;407.4;373.83;385.64;375.55;33.58;-11.81;10.09
2025-01-20;403.66;368.6;392.0;370.88;35.06;-23.4;21.12
2025-01-21;392.37;355.84;389.83;373.58;36.53;-33.99;16.25
2025-01-22;370.2;332.2;375.35;376.2;37.99;-43.14;-0.86
2025-01-23;343.62;304.17;354.64;371.95;39.44;-50.46;-17.32
2025-01-24;334.81;293.93;349.57;370.31;40.88;-55.64;-20.74
2025-01-25;350.77;308.46;366.91;375.45;42.31;-58.45;-8.54
2025-01-26;371.69;327.97;386.75;376.66;43.72;-58.79;10.09
2025-01-27;382.15;337.03;393.65;372.54;45.12;-56.62;21.12
2025-01-28;384.63;338.12;390.18;373.93;46.51;-52.05;16.25
2025-01-29;380.71;332.83;378.11;378.96;47.88;-45.28;-0.86
2025-01-30;372.39;323.15;359.73;377.05;49.24;-36.58;-17.32
2025-01-31;376.36;325.77;352.1;372.83;50.58;-26.33;-20.74
2025-02-01;403.98;352.07;367.02;375.56;51.91;-14.96;-8.54
2025-02-02;438.42;385.2;388.15;378.06;53.23;-2.95;10.09
2025-02-03;458.08;403.55;394.37;373.26;54.53;9.18;21.12
2025-02-04;463.49;407.68;386.76;370.52;55.81;20.92;16.25
2025-02-05;462.58;405.51;373.74;374.6;57.07;31.77;-0.86
2025-02-06;457.35;399.03;357.75;375.07;58.32;41.28;-17.32
2025-02-07;458.11;398.56;349.53;370.26;59.55;49.03;-20.74
2025-02-08;478.1;417.33;362.64;371.18;60.77;54.7;-8.54
2025-02-09;506.49;444.53;386.48;376.4;61.96;58.04;10.09
2025-02-10;518.38;455.24;396.31;375.2;63.14;58.93;21.12
2025-02-11;509.59;445.29;387.98;371.74;64.3;57.31;16.25
2025-02-12;493.16;427.72;374.47;375.32;65.44;53.26;-0.86
2025-02-13;475.13;408.57;361.63;378.94;66.56;46.94;-17.32
2025-02-14;460.58;392.92;354.28;375.01;67.66;38.64;-20.74
2025-02-15;461.42;392.68;363.98;372.52;68.74;28.69;-8.54
2025-02-16;473.96;404.16;386.63;376.54;69.8;17.53;10.09
2025-02-17;474.35;403.51;397.89;376.77;70.84;5.62;21.12
2025-02-18;452.78;380.92;387.45;371.2;71.86;-6.53;16.25
2025-02-19;424.55;351.69;370.09;370.95;72.86;-18.4;-0.86
2025-02-20;402.24;328.41;357.89;375.21;73.84;-29.48;-17.32
2025-02-21;388.07;313.28;352.6;373.34;74.79;-39.32;-20.74
2025-02-22;388.94;313.21;360.7;369.24;75.72;-47.49;-8.54
2025-02-23;405.63;328.99;382.64;372.55;76.63;-53.64;10.09
2025-02-24;417.73;340.21;397.72;376.61;77.52;-57.52;21.12
2025-02-25;409.15;330.77;389.72;373.47;78.38;-58.95;16.25
2025-02-26;392.23;313.01;370.89;371.74;79.22;-57.88;-0.86
2025-02-27;385.09;305.05;359.4;376.71;80.04;-54.35;-17.32
2025-02-28;389.63;308.79;357.31;378.04;80.83;-48.52;-20.74
2025-03-01;405.58;323.98;364.6;373.14;81.6;-40.62;-8.54
2025-03-02;434.39;352.04;383.04;372.95;82.35;-31.0;10.09
2025-03-03;461.2;378.13;398.2;377.08;83.07;-20.07;21.12
2025-03-04;466.55;382.78;391.06;374.81;83.77;-8.28;16.25
2025-03-05;457.2;372.76;368.9;369.76;84.44;3.86;-0.86
2025-03-06;455.5;370.42;354.58;371.9;85.09;15.83;-17.32
2025-03-07;467.23;381.53;354.39;375.12;85.71;27.14;-20.74
2025-03-08;486.41;400.11;362.82;371.36;86.3;37.29;-8.54
2025-03-09;511.9;425.03;379.17;369.08;86.88;45.85;10.09
2025-03-10;535.03;447.61;395.13;374.02;87.42;52.48;21.12
2025-03-11;537.05;449.11;392.24;375.99;87.94;56.87;16.25
2025-03-12;518.33;429.89;371.05;371.9;88.43;58.85;-0.86
2025-03-13;502.42;413.52;355.2;372.51;88.9;58.33;-17.32
2025-03-14;501.61;412.27;356.94;377.67;89.34;55.33;-20.74
2025-03-15;507.62;417.86;367.88;376.42;89.76;49.99;-8.54
2025-03-16;514.54;424.4;381.88;371.79;90.14;42.52;10.09
2025-03-17;518.73;428.23;394.98;373.86;90.5;33.25;21.12
2025-03-18;506.53;415.69;393.12;376.88;90.84;22.56;16.25
2025-03-19;473.74;382.6;371.68;372.54;91.15;10.92;-0.86
2025-03-20;442.08;350.65;351.83;369.15;91.43;-1.18;-17.32
2025-03-21;430.69;339.01;352.25;372.99;91.68;-13.24;-20.74
2025-03-22;432.88;340.98;365.71;374.25;91.91;-24.73;-8.54
2025-03-23;436.58;344.48;379.66;369.57;92.11;-35.18;10.09
2025-03-24;439.03;346.75;390.88;369.76;92.28;-44.13;21.12
2025-03-25;432.62;340.2;391.4;375.15;92.42;-51.2;16.25
2025-03-26;410.26;317.72;373.83;374.68;92.54;-56.1;-0.86
2025-03-27;387.56;294.93;353.56;370.87;92.63;-58.62;-17.32
2025-03-28;387.1;294.41;353.06;373.8;92.69;-58.66;-20.74
2025-03-29;405.87;313.15;369.34;377.88;92.73;-56.2;-8.54
2025-03-30;425.86;333.12;384.48;374.39;92.73;-51.35;10.09
2025-03-31;440.71;347.99;392.32;371.2;92.71;-44.33;21.12
2025-04-01;448.37;355.7;391.13;374.88;92.67;-35.42;16.25
2025-04-02;442.55;349.96;374.97;375.83;92.59;-25.01;-0.86
2025-04-03;432.0;339.51;353.05;370.37;92.49;-13.54;-17.32
2025-04-04;439.51;347.15;348.64;369.38;92.36;-1.49;-20.74
2025-04-05;468.07;375.87;365.25;373.79;92.2;10.62;-8.54
2025-04-06;497.09;405.07;382.79;372.7;92.02;22.28;10.09
2025-04-07;514.26;422.46;389.46;368.35;91.81;32.99;21.12
2025-04-08;521.17;429.6;387.29;371.04;91.57;42.31;16.25
2025-04-09;515.88;424.58;374.76;375.62;91.3;49.82;-0.86
2025-04-10;501.91;410.9;355.67;372.99;91.01;55.22;-17.32
2025-04-11;498.85;408.16;349.87;370.61;90.69;58.28;-20.74
2025-04-12;515.87;425.53;366.66;375.2;90.34;58.86;-8.54
2025-04-13;534.22;444.25;387.3;377.21;89.97;56.95;10.09
2025-04-14;535.69;446.12;393.51;372.39;89.57;52.61;21.12
2025-04-15;522.84;433.69;387.64;371.4;89.15;46.05;16.25
2025-04-16;500.94;412.24;374.72;375.58;88.69;37.52;-0.86
2025-04-17;472.35;384.14;356.73;374.04;88.21;27.41;-17.32
2025-04-18;451.82;364.12;347.99;368.72;87.71;16.13;-20.74
2025-04-19;453.04;365.86;361.69;370.23;87.18;4.17;-8.54
2025-04-20;462.7;376.08;384.06;373.97;86.62;-7.98;10.09
2025-04-21;458.17;372.13;391.91;370.79;86.04;-19.78;21.12
2025-04-22;438.88;353.45;384.19;367.95;85.43;-30.74;16.25
2025-04-23;416.09;331.29;371.69;372.55;84.8;-40.4;-0.86
2025-04-24;393.74;309.6;357.94;375.26;84.14;-48.34;-17.32
2025-04-25;379.81;296.35;350.59;371.32;83.46;-54.23;-20.74
2025-04-26;387.53;304.78;362.6;371.14;82.75;-57.82;-8.54
2025-04-27;409.46;327.44;386.39;376.3;82.02;-58.95;10.09
2025-04-28;420.54;339.28;396.86;375.75;81.26;-57.58;21.12
2025-04-29;413.77;333.29;387.06;370.82;80.48;-53.77;16.25
2025-04-30;403.32;323.65;371.32;372.18;79.67;-47.67;-0.86
2025-05-01;397.59;318.75;358.3;375.61;78.85;-39.55;-17.32
2025-05-02;399.33;321.34;351.09;371.82;77.99;-29.75;-20.74
2025-05-03;417.76;340.64;359.32;367.86;77.12;-18.69;-8.54
2025-05-04;450.83;374.61;381.44;371.35;76.22;-6.83;10.09
2025-05-05;475.1;399.8;394.49;373.37;75.3;5.32;21.12
2025-05-06;476.77;402.41;385.18;368.93;74.36;17.24;16.25
2025-05-07;469.37;395.97;367.55;368.41;73.4;28.42;-0.86
2025-05-08;467.34;394.93;356.52;373.84;72.41;38.41;-17.32
2025-05-09;471.56;400.16;353.4;374.13;71.4;46.76;-20.74
2025-05-10;485.04;414.66;361.54;370.08;70.38;53.12;-8.54
2025-05-11;508.93;439.6;382.36;372.28;69.33;57.24;10.09
2025-05-12;525.03;456.77;397.85;376.74;68.26;58.92;21.12
2025-05-13;515.28;448.11;390.01;373.77;67.17;58.1;16.25
2025-05-14;489.96;423.91;369.1;369.96;66.06;54.81;-0.86
2025-05-15;469.99;405.07;355.87;373.19;64.93;49.2;-17.32
2025-05-16;459.35;395.58;354.08;374.82;63.78;41.49;-20.74
2025-05-17;455.69;393.08;361.05;369.59;62.61;32.03;-8.54
2025-05-18;460.59;399.16;377.96;367.87;61.43;21.21;10.09
2025-05-19;463.14;402.92;393.43;372.32;60.22;9.48;21.12
2025-05-20;444.64;385.64;388.28;372.04;59.0;-2.64;16.25
2025-05-21;409.77;352.01;366.67;367.53;57.76;-14.66;-0.86
2025-05-22;382.7;326.2;352.25;369.56;56.5;-26.05;-17.32
2025-05-23;372.7;317.47;353.81;374.55;55.23;-36.34;-20.74
2025-05-24;372.83;318.89;363.97;372.51;53.94;-45.08;-8.54
2025-05-25;380.36;327.73;379.64;369.55;52.63;-51.91;10.09
2025-05-26;389.56;338.25;394.78;373.66;51.31;-56.54;21.12
2025-05-27;383.77;333.79;392.55;376.3;49.98;-58.76;16.25
2025-05-28;360.95;312.33;370.82;371.68;48.63;-58.49;-0.86
2025-05-29;344.1;296.84;352.58;369.9;47.26;-55.74;-17.32
2025-05-30;348.53;302.65;353.27;374.01;45.88;-50.62;-20.74
2025-05-31;365.83;321.34;364.69;373.23;44.49;-43.35;-8.54
2025-06-01;386.68;343.6;377.85;367.76;43.08;-34.24;10.09
2025-06-02;407.69;366.03;389.71;368.59;41.66;-23.68;21.12
2025-06-03;417.11;376.88;388.99;372.75;40.23;-12.11;16.25
2025-06-04;408.13;369.34;369.37;370.23;38.79;-0.03;-0.86
2025-06-05;398.96;361.63;349.57;366.89;37.33;12.05;-17.32
2025-06-06;409.82;373.95;350.33;371.06;35.87;23.62;-20.74
2025-06-07;434.49;400.1;365.91;374.45;34.39;34.19;-8.54
2025-06-08;457.08;424.17;380.86;370.78;32.91;43.31;10.09
2025-06-09;472.94;441.53;390.94;369.82;31.41;50.59;21.12
2025-06-10;476.74;446.83;391.12;374.87;29.9;55.72;16.25
2025-06-11;461.04;432.65;374.17;375.02;28.39;58.48;-0.86
2025-06-12;438.22;411.35;352.59;369.91;26.87;58.77;-17.32
2025-06-13;431.66;406.32;349.77;370.51;25.34;56.55;-20.74
2025-06-14;441.46;417.67;365.73;374.27;23.8;51.94;-8.54
2025-06-15;448.57;426.32;381.2;371.11;22.25;45.12;10.09
2025-06-16;444.87;424.17;387.78;366.66;20.7;36.39;21.12
2025-06-17;431.21;412.06;385.95;369.71;19.14;26.11;16.25
2025-06-18;403.86;386.29;371.57;372.42;17.58;14.72;-0.86
2025-06-19;369.74;353.73;351.03;368.34;16.01;2.71;-17.32
2025-06-20;351.41;336.97;346.39;367.12;14.44;-9.42;-20.74
2025-06-21;355.65;342.79;363.94;372.48;12.86;-21.15;-8.54
2025-06-22;362.92;351.64;383.62;373.53;11.28;-31.98;10.09
2025-06-23;358.71;349.02;390.47;369.35;9.69;-41.45;21.12
2025-06-24;345.97;337.86;387.03;370.78;8.1;-49.16;16.25
2025-06-25;326.37;319.86;374.64;375.5;6.51;-54.79;-0.86
2025-06-26;302.65;297.72;355.81;373.13;4.92;-58.09;-17.32
2025-06-27;292.45;289.13;348.05;368.78;3.33;-58.92;-20.74
2025-06-28;307.42;305.68;362.93;371.47;1.73;-57.25;-8.54
2025-06-29;330.8;330.66;383.82;373.73;0.14;-53.15;10.09
2025-06-30;341.71;343.17;389.96;368.85;-1.46;-46.8;21.12
2025-07-01;341.18;344.23;382.68;366.44;-3.05;-38.46;16.25
2025-07-02;336.81;341.46;369.94;370.8;-4.65;-28.48;-0.86
2025-07-03;330.48;336.72;354.01;371.33;-6.24;-17.3;-17.32
2025-07-04;332.85;340.68;346.06;366.79;-7.83;-5.38;-20.74
2025-07-05;356.93;366.35;359.58;368.12;-9.42;6.77;-8.54
2025-07-06;391.11;402.11;383.49;373.4;-11.0;18.63;10.09
2025-07-07;410.25;422.83;393.14;372.02;-12.59;29.7;21.12
2025-07-08;410.15;424.31;384.81;368.56;-14.16;39.5;16.25
2025-07-09;403.14;418.88;371.24;372.1;-15.74;47.63;-0.86
2025-07-10;394.43;411.73;357.99;375.31;-17.31;53.74;-17.32
2025-07-11;388.95;407.83;350.26;370.99;-18.87;57.57;-20.74
2025-07-12;398.44;418.87;359.92;368.46;-20.43;58.95;-8.54
2025-07-13;418.32;440.3;382.47;372.39;-21.98;57.83;10.09
2025-07-14;424.21;447.75;393.49;372.37;-23.53;54.26;21.12
2025-07-15;406.42;431.49;383.12;366.87;-25.07;48.38;16.25
2025-07-16;379.98;406.58;366.14;367.0;-26.6;40.44;-0.86
2025-07-17;356.81;384.93;354.14;371.46;-28.13;30.79;-17.32
2025-07-18;339.13;368.77;348.93;369.67;-29.64;19.84;-20.74
2025-07-19;334.27;365.42;357.38;365.92;-31.15;8.04;-8.54
2025-07-20;342.91;375.56;379.66;369.57;-32.65;-4.1;10.09
2025-07-21;344.47;378.61;394.68;373.56;-34.14;-16.07;21.12
2025-07-22;323.54;359.15;386.51;370.26;-35.61;-27.35;16.25
2025-07-23;293.15;330.23;367.71;368.57;-37.08;-37.48;-0.86
2025-07-24;271.51;310.05;356.06;373.38;-38.54;-46.01;-17.32
2025-07-25;260.93;300.92;353.5;374.24;-39.98;-52.59;-20.74
2025-07-26;262.17;303.58;360.51;369.05;-41.42;-56.93;-8.54
2025-07-27;277.26;320.09;378.96;368.87;-42.84;-58.86;10.09
2025-07-28;291.42;335.67;393.96;372.84;-44.25;-58.29;21.12
2025-07-29;285.75;331.39;386.64;370.39;-45.64;-55.25;16.25
2025-07-30;267.81;314.83;364.69;365.55;-47.02;-49.86;-0.86
2025-07-31;260.01;308.4;350.75;368.06;-48.39;-42.35;-17.32
2025-08-01;267.88;317.63;350.67;371.41;-49.74;-33.04;-20.74
2025-08-02;285.83;336.91;359.25;367.79;-51.08;-22.34;-8.54
2025-08-03;312.91;365.32;376.0;365.91;-52.41;-10.68;10.09
2025-08-04;339.9;393.61;392.18;371.07;-53.72;1.43;21.12
2025-08-05;347.59;402.6;389.12;372.88;-55.01;13.48;16.25
2025-08-06;336.49;392.78;367.82;368.68;-56.28;24.95;-0.86
2025-08-07;329.82;387.37;352.0;369.31;-57.54;35.37;-17.32
2025-08-08;338.95;397.74;353.45;374.19;-58.79;44.29;-20.74
2025-08-09;355.23;415.24;363.92;372.46;-60.01;51.32;-8.54
2025-08-10;372.73;433.94;377.77;367.68;-61.22;56.18;10.09
2025-08-11;387.11;449.52;390.87;369.75;-62.41;58.65;21.12
2025-08-12;383.86;447.44;388.81;372.56;-63.58;58.63;16.25
2025-08-13;358.67;423.4;367.28;368.14;-64.73;56.12;-0.86
2025-08-14;333.13;399.0;347.76;365.08;-65.86;51.23;-17.32
2025-08-15;325.7;392.67;348.5;369.24;-66.98;44.17;-20.74
2025-08-16;329.19;397.26;362.03;370.57;-68.07;35.23;-8.54
2025-08-17;331.86;401.0;376.21;366.12;-69.14;24.79;10.09
2025-08-18;330.94;401.14;387.83;366.72;-70.2;13.3;21.12
2025-08-19;318.45;389.68;388.43;372.18;-71.23;1.25;16.25
2025-08-20;287.55;359.79;370.65;371.5;-72.24;-10.86;-0.86
2025-08-21;254.6;327.83;350.33;367.65;-73.23;-22.5;-17.32
2025-08-22;242.41;316.6;349.8;370.53;-74.2;-33.19;-20.74
2025-08-23;248.07;323.21;365.69;374.22;-75.14;-42.47;-8.54
2025-08-24;254.39;330.46;380.41;370.32;-76.07;-49.95;10.09
2025-08-25;255.93;332.89;388.2;367.09;-76.97;-55.31;21.12
2025-08-26;250.8;328.65;386.97;370.72;-77.85;-58.32;16.25
2025-08-27;233.04;311.74;370.59;371.45;-78.7;-58.85;-0.86
2025-08-28;212.31;291.84;348.73;366.05;-79.53;-56.89;-17.32
2025-08-29;211.87;292.21;344.71;365.45;-80.34;-52.5;-20.74
2025-08-30;234.54;315.67;361.56;370.1;-81.13;-45.89;-8.54
2025-08-31;259.95;341.83;379.17;369.08;-81.89;-37.34;10.09
2025-09-01;276.34;358.97;386.16;365.04;-82.62;-27.19;21.12
2025-09-02;285.1;368.43;384.33;368.08;-83.34;-15.9;16.25
2025-09-03;283.79;367.81;371.73;372.59;-84.02;-3.92;-0.86
2025-09-04;275.97;360.66;352.44;369.76;-84.69;8.22;-17.32
2025-09-05;281.33;366.65;346.64;367.38;-85.32;20.01;-20.74
2025-09-06;308.31;394.24;363.3;371.83;-85.94;30.95;-8.54
2025-09-07;337.52;424.04;383.47;373.38;-86.52;40.57;10.09
2025-09-08;350.77;437.85;389.37;368.25;-87.08;48.48;21.12
2025-09-09;350.23;437.85;383.52;367.27;-87.62;54.33;16.25
2025-09-10;340.23;428.36;370.49;371.35;-88.13;57.87;-0.86
2025-09-11;322.66;411.27;352.32;369.64;-88.61;58.95;-17.32
2025-09-12;312.24;401.31;343.78;364.52;-89.07;57.53;-20.74
2025-09-13;322.06;411.56;357.89;366.43;-89.5;53.67;-8.54
2025-09-14;338.03;427.94;380.41;370.32;-89.9;47.53;10.09
2025-09-15;337.46;427.74;388.37;367.26;-90.28;39.37;21.12
2025-09-16;319.94;410.57;381.03;364.78;-90.63;29.54;16.25
2025-09-17;296.26;387.22;368.76;369.62;-90.96;18.46;-0.86
2025-09-18;270.17;361.43;354.84;372.15;-91.25;6.59;-17.32
2025-09-19;250.24;341.77;347.33;368.06;-91.52;-5.56;-20.74
2025-09-20;250.11;341.88;359.35;367.89;-91.77;-17.47;-8.54
2025-09-21;262.26;354.24;382.88;372.79;-91.98;-28.64;10.09
2025-09-22;262.11;354.28;392.88;371.76;-92.17;-38.59;21.12
2025-09-23;243.66;335.99;382.9;366.65;-92.33;-46.91;16.25
2025-09-24;221.48;313.95;367.18;368.04;-92.47;-53.23;-0.86
2025-09-25;204.13;296.71;354.0;371.32;-92.58;-57.29;-17.32
2025-09-26;195.13;287.78;346.71;367.44;-92.66;-58.93;-20.74
2025-09-27;204.5;297.21;355.27;363.81;-92.71;-58.05;-8.54
2025-09-28;230.29;323.02;377.74;367.66;-92.73;-54.72;10.09
2025-09-29;249.08;341.81;390.87;369.76;-92.73;-49.06;21.12
2025-09-30;247.73;340.43;381.75;365.51;-92.7;-41.32;16.25
2025-10-01;240.05;332.69;364.51;365.37;-92.64;-31.83;-0.86
2025-10-02;240.04;332.6;353.58;370.9;-92.56;-20.98;-17.32
2025-10-03;248.53;340.97;350.22;370.95;-92.44;-9.24;-20.74
2025-10-04;268.85;361.15;358.26;366.8;-92.3;2.89;-8.54
2025-10-05;301.81;393.95;379.05;368.97;-92.14;14.89;10.09
2025-10-06;328.5;420.44;394.17;373.05;-91.94;26.27;21.12
2025-10-07;330.71;422.43;385.9;369.66;-91.72;36.53;16.25
2025-10-08;318.69;410.17;364.93;365.79;-91.47;45.24;-0.86
2025-10-09;312.53;403.73;351.7;369.02;-91.2;52.02;-17.32
2025-10-10;315.44;406.34;349.73;370.47;-90.89;56.6;-20.74
2025-10-11;324.95;415.52;356.74;365.28;-90.56;58.78;-8.54
2025-10-12;342.31;432.51;374.05;363.97;-90.21;58.46;10.09
2025-10-13;355.64;445.46;389.8;368.69;-89.82;55.66;21.12
2025-10-14;345.8;435.21;384.72;368.47;-89.41;50.5;16.25
2025-10-15;317.59;406.57;363.38;364.24;-88.98;43.19;-0.86
2025-10-16;294.83;383.34;349.3;366.61;-88.52;34.05;-17.32
2025-10-17;286.24;374.26;350.8;371.54;-88.03;23.46;-20.74
2025-10-18;285.08;372.6;360.72;369.26;-87.51;11.88;-8.54
2025-10-19;289.16;376.14;376.35;366.26;-86.97;-0.21;10.09
2025-10-20;292.68;379.08;391.37;370.26;-86.41;-12.29;21.12
2025-10-21;279.03;364.85;388.69;372.45;-85.81;-23.85;16.25
2025-10-22;247.05;332.25;366.64;367.49;-85.2;-34.39;-0.86
2025-10-23;220.39;304.94;348.42;365.73;-84.55;-43.47;-17.32
2025-10-24;214.46;298.35;349.06;369.8;-83.89;-50.71;-20.74
2025-10-25;221.33;304.52;360.32;368.86;-83.19;-55.8;-8.54
2025-10-26;232.66;315.14;373.65;363.57;-82.48;-58.51;10.09
2025-10-27;245.47;327.2;385.95;364.83;-81.73;-58.75;21.12
2025-10-28;247.96;328.93;385.41;369.16;-80.97;-56.48;16.25
2025-10-29;233.88;314.05;365.88;366.74;-80.18;-51.82;-0.86
2025-10-30;222.09;301.46;346.42;363.74;-79.37;-44.96;-17.32
2025-10-31;232.69;311.22;347.42;368.15;-78.53;-36.2;-20.74
2025-11-01;259.25;336.92;362.81;371.35;-77.67;-25.89;-8.54
2025-11-02;286.3;363.08;377.57;367.48;-76.79;-14.48;10.09
2025-11-03;309.28;385.17;387.63;366.51;-75.88;-2.46;21.12
2025-11-04;322.28;397.23;387.57;371.33;-74.95;9.66;16.25
2025-11-05;317.52;391.52;370.15;371.01;-74.0;21.37;-0.86
2025-11-06;307.52;380.55;348.37;365.69;-73.03;32.18;-17.32
2025-11-07;315.2;387.23;345.61;366.35;-72.04;41.62;-20.74
2025-11-08;339.73;410.75;361.46;370.0;-71.02;49.3;-8.54
2025-11-09;361.73;431.72;376.84;366.75;-69.98;54.88;10.09
2025-11-10;372.94;441.86;383.74;362.62;-68.93;58.13;21.12
2025-11-11;373.36;441.21;382.3;366.06;-67.85;58.91;16.25
2025-11-12;358.46;425.21;368.02;368.88;-66.75;57.19;-0.86
2025-11-13;335.04;400.67;347.63;364.94;-65.64;53.05;-17.32
2025-11-14;325.51;390.0;343.36;364.09;-64.5;46.65;-20.74
2025-11-15;335.94;399.28;361.01;369.55;-63.34;38.27;-8.54
2025-11-16;346.53;408.7;380.44;370.35;-62.17;28.27;10.09
2025-11-17;343.23;404.21;387.14;366.02;-60.98;17.06;21.12
2025-11-18;329.04;388.8;383.66;367.42;-59.77;5.14;16.25
2025-11-19;305.39;363.93;370.94;371.8;-58.54;-7.01;-0.86
2025-11-20;275.52;332.81;351.67;368.98;-57.29;-18.86;-17.32
2025-11-21;257.9;313.92;343.83;364.56;-56.03;-29.91;-20.74
2025-11-22;264.33;319.08;358.76;367.3;-54.75;-39.68;-8.54
2025-11-23;278.27;331.72;379.5;369.41;-53.45;-47.78;10.09
2025-11-24;279.69;331.83;385.67;364.56;-52.14;-53.84;21.12
2025-11-25;270.36;321.18;378.8;362.55;-50.81;-57.62;16.25
2025-11-26;257.94;307.41;366.37;367.23;-49.47;-58.95;-0.86
2025-11-27;244.61;292.72;350.51;367.82;-48.12;-57.78;-17.32
2025-11-28;241.87;288.62;342.78;363.51;-46.75;-54.16;-20.74
2025-11-29;263.03;308.4;356.63;365.17;-45.36;-48.24;-8.54
2025-11-30;296.27;340.23;380.5;370.41;-43.96;-40.27;10.09
2025-12-01;316.73;359.28;389.87;368.75;-42.55;-30.59;21.12
2025-12-02;320.73;361.85;381.46;365.22;-41.13;-19.61;16.25
2025-12-03;320.31;360.0;367.79;368.65;-39.69;-7.8;-0.86
2025-12-04;320.21;358.46;354.11;371.43;-38.24;4.34;-17.32
2025-12-05;325.55;362.33;346.03;366.77;-36.79;16.3;-20.74
2025-12-06;347.97;383.29;355.72;364.26;-35.32;27.57;-8.54
2025-12-07;382.1;415.94;378.27;368.19;-33.84;37.66;10.09
2025-12-08;402.96;435.31;389.15;368.03;-32.35;46.16;21.12
2025-12-09;400.79;431.64;378.94;362.69;-30.85;52.7;16.25
2025-12-10;390.06;419.4;362.41;363.26;-29.34;56.99;-0.86
2025-12-11;381.68;409.5;350.62;367.94;-27.82;58.87;-17.32
2025-12-12;377.44;403.73;345.48;366.22;-26.29;58.25;-20.74
2025-12-13;384.63;409.39;354.23;362.77;-24.76;55.16;-8.54
2025-12-14;403.26;426.48;376.75;366.67;-23.22;49.73;10.09
2025-12-15;412.1;433.77;391.59;370.47;-21.67;42.18;21.12
2025-12-16;395.9;416.02;383.17;366.93;-20.12;32.84;16.25
2025-12-17;367.89;386.45;364.34;365.2;-18.56;22.11;-0.86
2025-12-18;345.93;362.93;352.48;369.8;-16.99;10.44;-17.32
2025-12-19;332.37;347.79;349.46;370.19;-15.42;-1.67;-20.74
2025-12-20;328.69;342.54;356.25;364.79;-13.85;-13.71;-8.54
2025-12-21;337.33;349.6;374.77;364.69;-12.27;-25.17;10.09
2025-12-22;343.47;354.15;389.72;368.6;-10.68;-35.57;21.12
2025-12-23;328.76;337.86;382.31;366.06;-9.1;-44.45;16.25
2025-12-24;301.71;309.22;360.66;361.52;-7.51;-51.44;-0.86
2025-12-25;284.97;290.89;347.14;364.46;-5.92;-56.25;-17.32
2025-12-26;284.19;288.52;347.19;367.93;-4.32;-58.67;-20.74
2025-12-27;294.54;297.27;355.88;364.42;-2.73;-58.61;-8.54
2025-12-28;315.78;316.92;372.97;362.88;-1.14;-56.05;10.09
2025-12-29;338.62;338.16;389.27;368.15;0.46;-51.11;21.12
2025-12-30;343.98;341.93;385.94;369.69;2.06;-44.01;16.25
2025-12-31;333.06;329.41;364.45;365.3;3.65;-35.03;-0.86
